Key,zh,en,es
LOAD_MAP,加载地图,Load map,Load map
LOAD_BGM,加载音乐,Load BGM,Load BGM
LOAD_PROJECTILE,加载子弹,Load projectile,Load projectile
LOAD_AUDIO,加载音效,Load audio,Load audio
LOAD_CHARACTER,加载植物和僵尸,Load character,Load character
LOAD_TALK,加载对话,Load talk,Load talk
LOAD_TUTORIAL,加载教程,Load tutorial,Load tutorial
LOAD_PACKETBANK,加载卡牌库,Load packetbank,Load packetbank
LOAD_COLLECTABLE,加载收集物,Load collectable,Load collectable
LOAD_SHOVEL,加载铲子,Load shovel,Load shovel
LOAD_MOWER,加载小推车,Load mower,Load mower
LOAD_SHOP,加载商店,Load shop,Load shop
LOAD_LEVEL,加载关卡,Load level,Load level
LOAD_MOD,加载模组,Load mod,Load mod

LOGIN_SUCCESS,登录成功!,Log in successfully,Log in successfully
LOGIN_FAILD,登录失败!,Log in failed,Log in failed
LOGIN_ERROR_EMAIL_EMPTY,邮箱为空,Email is empty,Email is empty
LOGIN_ERROR_PASSWORD_EMPTY,密码为空,Password is empty,Password is empty
REGIST_SUCCESS,注册成功!,Registered successfully,Registered successfully 
REGIST_FAILD,注册失败!,Registration failed,Registration failed
REGIST_ERROR_PASSWORD_NOT_SAME,"再次输入密码与密码不同",Password not same,Password not same
REGIST_ERROR_PASSWORD_LESS_THAN_EIGHT,"密码长度需大于8位",Password length must be greater than 8,Password length must be greater than 8

MATCH_CREATE_ERROR,创建比赛失败!,Create match failed,Create match failed

START_GAME,开始游戏,Start,Start
TUTORIAL_EASY,我是新手,I'm a beginner,I'm a beginner
TUTORIAL_NORMAL,我是高手,I'm a pro,I'm a pro
TUTORIAL_HARD,我是老手,I'm a veteran,I'm a veteran
TUTORIAL_DIALOG,你对植物大战僵尸这款游戏的熟悉程度,How familiar are you with Plants vs. Zombies?,How familiar are you with Plants vs. Zombies?

DIALOG_LOGIN,登录,LOGIN,LOGIN
DIALOG_EMAIL,邮箱,EMAIL,EMAIL
DIALOG_PASSWORD,密码,PASSWORD,PASSWORD
DIALOG_REGISTER,注册,REGISTER,REGISTER
DIALOG_USERNAME,用户名,USERNAME,USERNAME
DIALOG_PAUSE,游戏暂停,PAUSE,PAUSE
DIALOG_MUSIC,音乐,Music,Music
DIALOG_SFX,音效,Sound FX,Sound FX
DIALOG_EXIT,退出关卡,EXIT,EXIT
DIALOG_RESTART,重新开始,RESTART,RESTART
DIALOG_RESUME,继续游戏,RESUME,RESUME

NEXTLEVEL,下一关,Next level,Next level
MAINMENU,主菜单,Main Menu,Main Menu

AWARD_PACKET_PLANT,你获得了一株新植物!,You got a new plant!,You got a new plant!
AWARD_COLLECTABLE_SHOVEL,你获得了一把新铲子!,You got a new shovel,You got a new shovel

SHOP_OPEN,你获得了金币，现在商店开启了！\n你可以在商店购买你所需要的物品！,,

SHOP_NPC_TALK_IDLE_1,感谢你对杂交版的游玩和关注！如果对游戏设计有什么建议，欢迎说给我听听哦！,,
SHOP_NPC_TALK_IDLE_2,通关遇到困难？试着买一些道具吧，适当使用道具可以让游戏更轻松哦！,,
SHOP_NPC_TALK_IDLE_3,明码标价，童叟无欺！,,
SHOP_NPC_TALK_IDLE_4,潜艇伟伟迷的花俏小玩意！24小时全天候为您服务！,,
SHOP_NPC_TALK_PACKETSLOT,额外的卡槽！让你在每关可多携带一种植物！,,
SHOP_NPC_TALK_NUTBANDAGING,坚果包扎术，能让你直接覆盖种植受伤的坚果！对高坚果和南瓜壳同样有效！,,
SHOP_NPC_TALK_POYREPLACEMENT,花盆替换术，能让你直接替换种植不同种类的花盆！对睡莲同样有效哦！,,
SHOP_NPC_TALK_PITCHFORK,这把草耙能给僵尸当头一棒！它会自动摆放在僵尸的必经之路上！,,
SHOP_NPC_TALK_SUNCOLLECT,阳光手套，能帮你自动拾取场上的阳光！,,
SHOP_NPC_TALK_COINCOLLECT,吸金磁的场外支援，能帮你自动拾取掉落的钱币！,,
SHOP_NPC_TALK_SHOVEL_DIAMOND,钻石铲，铲掉植物能回收大量阳光！,,
SHOP_NPC_TALK_PITCHFORK_SUN,阳光草耙，干掉僵尸的同时掉落阳光！能使用三关！,,
SHOP_NPC_TALK_MOWER_SUN,阳光小推车，碾压僵尸能够获得阳光！,,

SHOP_NPC_TALK_PLANT_SUNSHROOM_CUSTOM_1,阳光向日葵的皮肤！你可以在图鉴装扮你的植物！,,
SHOP_NPC_TALK_PLANT_CATPOT_CUSTOM_0,猫砂盆的皮肤！你可以在图鉴装扮你的植物！,,
SHOP_NPC_TALK_PLANT_SNOWSHROOM_CUSTOM_0,雪花寒冰菇的皮肤！你可以在图鉴装扮你的植物！,,
SHOP_NPC_TALK_PLANT_WINTERMELONGSHROOM_CUSTOM_0,冰瓜大喷菇的皮肤！你可以在图鉴装扮你的植物！,,
SHOP_NPC_TALK_PLANT_GARGANTUARSHROOM_CUSTOM_0,红眼菇的皮肤！你可以在图鉴装扮你的植物！,,
SHOP_NPC_TALK_PLANT_FIRESNOWPEA_CUSTOM_0,冰火裂荚射手的皮肤！你可以在图鉴装扮你的植物！,,
SHOP_NPC_TALK_PLANT_GLOOMPULT_CUSTOM_0,忧郁菇投手的皮肤！你可以在图鉴装扮你的植物！,,
SHOP_NPC_TALK_PLANT_JALASUNSHROOM_CUSTOM_0,辣椒阳光菇的皮肤！你可以在图鉴装扮你的植物！,,
SHOP_NPC_TALK_PLANT_PEACAT_CUSTOM_0,豌豆香蒲的皮肤！你可以在图鉴装扮你的植物！,,
SHOP_NPC_TALK_PLANT_SUNPAD_CUSTOM_0,骄阳睡莲的皮肤！你可以在图鉴装扮你的植物！,,
SHOP_NPC_TALK_PLANT_WILDPEA_CUSTOM_0,狂野机枪射手的皮肤！你可以在图鉴装扮你的植物！,,
SHOP_NPC_TALK_PLANT_QUEENSUNFLOWER_CUSTOM_0,向日葵女王的皮肤！你可以在图鉴装扮你的植物！,,
SHOP_NPC_TALK_PLANT_ICETALLNUT_CUSTOM_0,高冰果的皮肤！你可以在图鉴装扮你的植物！,,
SHOP_NPC_TALK_PLANT_HAMBURGER_CUSTOM_0,汉堡射手的皮肤！你可以在图鉴装扮你的植物！,,
SHOP_NPC_TALK_PLANT_FIRETALLNUT_CUSTOM_0,冰炬高坚果的皮肤！你可以在图鉴装扮你的植物！,,
SHOP_NPC_TALK_PLANT_MAGNETMINE_CUSTOM_0,磁力土豆雷的皮肤！你可以在图鉴装扮你的植物！,,
SHOP_NPC_TALK_PLANT_PEAWELL_CUSTOM_0,豌豆许愿池的皮肤！你可以在图鉴装扮你的植物！,,
SHOP_NPC_TALK_PLANT_ICESQUASH_CUSTOM_0,冰菇窝瓜的皮肤！你可以在图鉴装扮你的植物！,,
SHOP_NPC_TALK_PLANT_HOTDOG_CUSTOM_0,热狗射手的皮肤！你可以在图鉴装扮你的植物！,,
SHOP_NPC_TALK_PLANT_DOOMCOBCANNON_CUSTOM_0,毁灭加农炮的皮肤！你可以在图鉴装扮你的植物！,,
SHOP_NPC_TALK_PLANT_HYPNODOOMSHROOM_CUSTOM_0,魅惑毁灭菇的皮肤！你可以在图鉴装扮你的植物！,,
SHOP_NPC_TALK_PLANT_HYPNOSHROOMSHOOTER_CUSTOM_0,魅惑菇射手的皮肤！你可以在图鉴装扮你的植物！,,

SHOP_NPC_TALK_PLANT_FIRETALLNUT,把这张紫卡种在你的火炬坚果/冰炬树桩上，把它升级成冰炬高坚果！,,
SHOP_NPC_TALK_PLANT_ICESUNMINE,把这张紫卡种在你的阳光土豆雷上，把它升级成寒光土豆雷！,,
SHOP_NPC_TALK_PLANT_ICEAPEARPEA,把这张紫卡种在你的寒冰射手上，把它升级成冰锥射手！,,
SHOP_NPC_TALK_PLANT_TWINSUNSHROOM,把这张紫卡种在你的阳光向日葵上，把它升级成双子阳光向日葵！,,
SHOP_NPC_TALK_PLANT_GATLINGCAT,把这张紫卡种在你的豌豆香蒲上，把它升级成机枪香蒲！,,
SHOP_NPC_TALK_PLANT_THREECATUS,把这张紫卡种在你的双发仙人掌上，把它升级成三叶仙人掌！,,
SHOP_NPC_TALK_PLANT_PUMPKINFIREICE,把这张紫卡种在你的火焰南瓜壳上，把它升级成冰焰南瓜壳！,,
SHOP_NPC_TALK_PLANT_HYPNOPATCH,把这张紫卡种在你的魅惑菇上，把它升级成魅惑菇丛！,,

SHOP_ITEM_PACKETSLOT_8,8槽,,
SHOP_ITEM_PACKETSLOT_9,9槽,,
SHOP_ITEM_PACKETSLOT_10,10槽,,
SHOP_ITEM_PACKETSLOT_11,11槽,,
SHOP_ITEM_PACKETSLOT_12,12槽,,
SHOP_ITEM_PACKETSLOT_13,13槽,,
SHOP_ITEM_PACKETSLOT_14,14槽,,
SHOP_ITEM_PACKETSLOT_15,15槽,,
SHOP_ITEM_PACKETSLOT_16,16槽,,
SHOP_ITEM_PACKETSLOT_16,16槽,,
SHOP_ITEM_NUTBANDAGING,坚果包扎术,,
SHOP_ITEM_POYREPLACEMENT,花盆替换术,,
SHOP_ITEM_PITCHFORK,草耙,,
SHOP_PLANT_SUNSHROOM_CUSTOM_1,草耙,,

NPC_TALK_LEVEL1_1_TUTORIAL_1,你好，我的邻居。,,
NPC_TALK_LEVEL1_1_TUTORIAL_2,我听说了你的情况，所以赶来了。,,
NPC_TALK_LEVEL1_1_TUTORIAL_3,那帮僵尸还在源源不断地进攻，而你的植物却不知所踪？,,
NPC_TALK_LEVEL1_1_TUTORIAL_4,看来是埃德加那家伙在作怪。,,
NPC_TALK_LEVEL1_1_TUTORIAL_5,没关系！你的好邻居：疯狂戴夫，特此来帮助你了！,,
NPC_TALK_LEVEL1_1_TUTORIAL_6,我要给你看看我的压箱底的好东西...,,
NPC_TALK_LEVEL1_1_TUTORIAL_7,这些全新的——杂交植物！,,
NPC_TALK_LEVEL1_1_TUTORIAL_8,比如这株豌豆向日葵！集合生产和攻击，为你节省一倍的草坪空间！,,
NPC_TALK_LEVEL1_1_TUTORIAL_9,来，试着种植一下吧！,,

NPC_TALK_LEVEL1_2_TUTORIAL_1,豌豆向日葵好用吗，伙计？,,
NPC_TALK_LEVEL1_2_TUTORIAL_2,是时候来尝试更多的杂交植物了,,
NPC_TALK_LEVEL1_2_TUTORIAL_3,瞧瞧这个火炬坚果！能阻挡僵尸，还能点燃豌豆子弹！,,
NPC_TALK_LEVEL1_2_TUTORIAL_4,让僵尸们感受一下“热情”吧！,,

NPC_TALK_LEVEL1_5_TUTORIAL_1,哟，伙计，你刚刚获得了一把新的铲子！,,
NPC_TALK_LEVEL1_5_TUTORIAL_2,铲掉那几株豌豆向日葵试试吧，看看它有什么作用！,,
NPC_TALK_LEVEL1_5_TUTORIAL_3,喔，它返还了阳光！,,
NPC_TALK_LEVEL1_5_TUTORIAL_4,我猜你以后会遇见更多神奇的铲子！,,
NPC_TALK_LEVEL1_5_TUTORIAL_5,现在，打了好久僵尸，我们也该放松一下了。,,
NPC_TALK_LEVEL1_5_TUTORIAL_6,我们来玩保龄球吧！,,
NPC_TALK_LEVEL1_5_TUTORIAL_7,我会借给你更多的杂交坚果，你来试试看他们是否趁手！,,
NPC_TALK_LEVEL1_5_TUTORIAL_8,为什么我们要用杂交坚果打保龄球？,,
NPC_TALK_LEVEL1_5_TUTORIAL_9,因为我疯——掉啦！,,
NPC_TALK_LEVEL1_5_TUTORIAL_10,加油，给我赢个冠军回来！,,

NPC_TALK_LEVEL1_7_TUTORIAL_1,看起来马上就要天黑了。,,
NPC_TALK_LEVEL1_7_TUTORIAL_2,僵尸还是没有减少的迹象…,,
NPC_TALK_LEVEL1_7_TUTORIAL_3,但太阳已经快落山了！你获得的阳光也会变少！,,
NPC_TALK_LEVEL1_7_TUTORIAL_4,你或许应该试试更加专注于生产阳光的杂交植物！,,
NPC_TALK_LEVEL1_7_TUTORIAL_5,祝你好运，我们一会见！,,

NPC_TALK_LEVEL1_10_TUTORIAL_1,一个好消息，伙计！,,
NPC_TALK_LEVEL1_10_TUTORIAL_2,我刚刚在你的草坪上发现了一些植物！,,
NPC_TALK_LEVEL1_10_TUTORIAL_3,它们似乎记不清离开你之后发生的事情了…,,
NPC_TALK_LEVEL1_10_TUTORIAL_4,不过，它们仍然能在接下来的战斗中助你一臂之力！,,
NPC_TALK_LEVEL1_10_TUTORIAL_5,僵尸似乎准备在天黑前发起一波总攻。,,
NPC_TALK_LEVEL1_10_TUTORIAL_6,我们也做好120%的应对吧！传送带启动！,,

NPC_TALK_LEVEL1_11_TUTORIAL_1,天啦噜，伙计！你的草坪呢？！,,
NPC_TALK_LEVEL1_11_TUTORIAL_2,难道是蹦极僵尸把草皮掀走了？,,
NPC_TALK_LEVEL1_11_TUTORIAL_3,还是它们终于学会了使用小推车？......那太可怕了。,,
NPC_TALK_LEVEL1_11_TUTORIAL_4,不过别担心！虽然很多植物不能直接放在裸地上...,,
NPC_TALK_LEVEL1_11_TUTORIAL_5,...但地刺和花盆可以！,,
NPC_TALK_LEVEL1_11_TUTORIAL_6,喏，拿好这个豌豆花盆！,,
NPC_TALK_LEVEL1_11_TUTORIAL_7,让它们帮你教训僵尸吧！,,

NPC_TALK_LEVEL2_1_TUTORIAL_1,现在是黑夜了，伙计！,,
NPC_TALK_LEVEL2_1_TUTORIAL_2,这意味着你不能从天上获得阳光了！,,
NPC_TALK_LEVEL2_1_TUTORIAL_3,但这难不倒你，对吧？,,
NPC_TALK_LEVEL2_1_TUTORIAL_4,多多种植你获得的小盆菇吧！,,
NPC_TALK_LEVEL2_1_TUTORIAL_5,还有什么比免费更便宜呢？祝你好运！,,

NPC_TALK_LEVEL3_1_TUTORIAL_1,看来僵尸们的思考回路没有多大变化。,,
NPC_TALK_LEVEL3_1_TUTORIAL_2,瞧见那些泳圈了吗？你的后院看样子要热闹起来了。,,
NPC_TALK_LEVEL3_1_TUTORIAL_3,不过没关系！在杂交植物的帮助下，僵尸想闯进来可没那么容易！,,
NPC_TALK_LEVEL3_1_TUTORIAL_4,放轻松，像以前一样打飞那帮僵尸的脑袋吧！,,

NPC_TALK_LEVEL3_5_TUTORIAL_1,下雨了？我不喜欢这种潮湿的天气。,,
NPC_TALK_LEVEL3_5_TUTORIAL_2,感觉我的帽子都要生锈了！,,
NPC_TALK_LEVEL3_5_TUTORIAL_3,等等？天上掉下来的这是什么？,,
NPC_TALK_LEVEL3_5_TUTORIAL_4,为什么杂交植物的种子会和雨水一起掉下来？,,
NPC_TALK_LEVEL3_5_TUTORIAL_5,哈哈，不管怎么说这可是天降馅饼了！,,
NPC_TALK_LEVEL3_5_TUTORIAL_6,我收回那句话，这雨可太棒了！,,

NPC_TALK_LEVEL3_11_TUTORIAL_1,夏天果然还是要玩水，对吧？,,
NPC_TALK_LEVEL3_11_TUTORIAL_2,这是镇上最大的露天泳池，而且跟咱们只有几条街的距离！,,
NPC_TALK_LEVEL3_11_TUTORIAL_3,太赞了！我每年夏天都会来这晒日光浴！,,
NPC_TALK_LEVEL3_11_TUTORIAL_4,唉，可惜，听说这里最近被僵尸侵占了。,,
NPC_TALK_LEVEL3_11_TUTORIAL_5,所以我把你拉来了，我们的僵尸对抗专家！,,
NPC_TALK_LEVEL3_11_TUTORIAL_6,拿上杂交植物，把这个泳池收复回来吧！,,

NPC_TALK_LEVEL4_1_TUTORIAL_1,你知道吗，已经好久没有人叫过我“迷雾男”了。,,
NPC_TALK_LEVEL4_1_TUTORIAL_2,不过外面看起来很不安分，我就不跳进那片迷雾了，哈哈。,,
NPC_TALK_LEVEL4_1_TUTORIAL_3,不知道以后 还有没有机会...,,

NPC_TALK_LEVEL4_5_TUTORIAL_1,真奇怪，我似乎闻到了某种不对劲的气息。,,
NPC_TALK_LEVEL4_5_TUTORIAL_2,我很确定那不是我刚刚吃下去的晚饭的味道。,,
NPC_TALK_LEVEL4_5_TUTORIAL_3,我的鼻子一向很灵！,,
NPC_TALK_LEVEL4_5_TUTORIAL_4,伙计，你看到或听到什么奇怪的东西了吗？,,
NPC_TALK_LEVEL4_5_TUTORIAL_5,你最好在后院种上植物防守家门。它们的感觉比我们灵敏多了！,,
NPC_TALK_LEVEL4_5_TUTORIAL_6,不管来的是什么…我确信有东西来了，但杂交植物一定能赶跑它们！,,

NPC_TALK_LEVEL4_9_TUTORIAL_1,喔，我的邻居！那是什么？你获得了玉米卷？......香蒲？！,,
NPC_TALK_LEVEL4_9_TUTORIAL_2,我真怀念玉米卷的味道…我已经很久没吃过了！,,
NPC_TALK_LEVEL4_9_TUTORIAL_3,如果你找到了真的玉米卷，请一定要卖给我！,,
NPC_TALK_LEVEL4_9_TUTORIAL_4,继续守卫后院吧，祝你好运！,,

NPC_TALK_LEVEL5_1_TUTORIAL_1,屋顶的光线真好！,,
NPC_TALK_LEVEL5_1_TUTORIAL_2,那些僵尸果然不会放弃从这里进攻。,,
NPC_TALK_LEVEL5_1_TUTORIAL_3,来，我还有一些普通花盆的存货...,,
NPC_TALK_LEVEL5_1_TUTORIAL_4,暂时借你用用！,,
NPC_TALK_LEVEL5_1_TUTORIAL_5,你也可以自己使用功能更强的杂交花盆！,,

NPC_TALK_LEVEL5_5_TUTORIAL_1,我们又走到这一步了…我有种不详的既视感。,,
NPC_TALK_LEVEL5_5_TUTORIAL_2,伙计，你听到头顶传来的声音了吗？,,
NPC_TALK_LEVEL5_5_TUTORIAL_3,那种尖锐的喊叫声……,,
NPC_TALK_LEVEL5_5_TUTORIAL_4,哦不，是那群可恶的蹦极僵尸！,,
NPC_TALK_LEVEL5_5_TUTORIAL_5,我最讨厌的家伙！他们甚至带了空投部队！,,
NPC_TALK_LEVEL5_5_TUTORIAL_6,用传送带的植物把他们打回去吧！我先闪了！,,

NPC_TALK_LEVEL5_11_TUTORIAL_1,僵尸的战术似乎越来越多变了。,,
NPC_TALK_LEVEL5_11_TUTORIAL_2,它们准备从你另一侧的邻居前院翻过来，偷袭你的房子！,,
NPC_TALK_LEVEL5_11_TUTORIAL_3,这家早就搬走了，我们就在这个院子阻击这帮僵尸吧！,,
NPC_TALK_LEVEL5_11_TUTORIAL_4,我还记得原本住在这的小约翰，他说自己是个艺术家……,,
NPC_TALK_LEVEL5_11_TUTORIAL_5,嗯，这院子装修的果然很艺术。,,
NPC_TALK_LEVEL5_11_TUTORIAL_6,艺术到我都看不懂了！,,

LEVEL1_1_TUTORIAL_1,点击卡槽中的植物，然后点击草坪种植！,,
LEVEL1_1_TUTORIAL_2,干得漂亮！点击收集掉落的阳光！,,
LEVEL1_1_TUTORIAL_3,继续种植豌豆向日葵，抵挡僵尸的进攻吧！,,

LEVEL1_2_TUTORIAL_1,请先种植豌豆向日葵，以获取足够的阳光！,,
LEVEL1_2_TUTORIAL_2,请至少种植3株豌豆向日葵！,,

LEVEL1_5_BROADCAST_1,一直挖吧，直到你的场地上没有植物！,,

LEVEL1_7_BROADCAST_1,现在是傍晚，天上掉落的阳光更小了！,,

LEVEL2_7_BROADCAST_1,现在是凌晨，墓碑变少了！天上开始掉落小阳光了！,,

INGAME_ROCK,一起摇滚吧!,LET'S ROCK!,LET'S ROCK!
INGAME_RESELECT,重选上次卡片,RESELECT LAST CARD,RESELECT LAST CARD
INGAME_VIEW,查看草坪,VIEW GRASS,VIEW GRASS
INGAME_DIFFICULT,难度:%s,Difficulty:%s,Difficulty:%s
INGAME_VIEW_BACK,点击任意位置返回,CLICK ANYWHERE TO RETURN,CLICK ANYWHERE TO RETURN

PLAYERS_TRIP_TO_MODERN,{UserName}的房子,{UserName}'s House,{UserName}'s House
PLAYERS_MORDEN_LEVEL_NAME,前院告急1 - {LevelNumber},Front Yard 1 - {LevelNumber},Front Yard 1 - {LevelNumber}
PLAYERS_MORDEN_NIGHT_LEVEL_NAME,夜幕降临2 - {LevelNumber},Nightfall 2 - {LevelNumber},Nightfall 2 - {LevelNumber}
PLAYERS_MORDEN_BACKYARD_LEVEL_NAME,泳池防守3 - {LevelNumber},Swimming Pool Defense 3 - {LevelNumber},Swimming Pool Defense 3 - {LevelNumber}
PLAYERS_MORDEN_BACKYARD_NIGHT_LEVEL_NAME,穿越迷雾4 - {LevelNumber},Crossover Fog 4 - {LevelNumber},Crossover Fog 4 - {LevelNumber}
PLAYERS_MORDEN_ROOF_LEVEL_NAME,屋顶大战5 - {LevelNumber},Roof Battle 5 - {LevelNumber},Roof Battle 5 - {LevelNumber}

CHALLENGE_LEVEL_NAME_1,向日葵女王 挑战 - {LevelNumber},,
CHALLENGE_LEVEL_NAME_2,狂野机枪射手 挑战 - {LevelNumber},,
CHALLENGE_LEVEL_NAME_3,高冰果 挑战 - {LevelNumber},,
CHALLENGE_LEVEL_NAME_4,汉堡射手 挑战 - {LevelNumber},,
CHALLENGE_LEVEL_NAME_5,热狗射手 挑战 - {LevelNumber},,
CHALLENGE_LEVEL_NAME_6,毁灭加农炮 挑战 - {LevelNumber},,

CHALLENGE_LEVEL_DIALMONDNAME_1,魅惑菇射手 挑战 - {LevelNumber},,
CHALLENGE_LEVEL_DIALMONDNAME_2,魅惑毁灭菇 挑战 - {LevelNumber},,

MAP_FRONTLAWN,前院(白天),Front Yard (Day),Front Yard (Day)
MAP_FRONTLAWN_NIGHT,前院(夜晚),Front Yard (Night),Front Yard (Night)
MAP_FRONTLAWN_AFTERNOON,前院(黄昏),Front Yard (Afternoon),Front Yard (Afternoon)
MAP_FRONTLAWN_BIG,前院(白天大地图),"Front Yard (Day,Big Map)","Front Yard (Day,Big Map)"
MAP_FRONTLAWN_NIGHT_BIG,前院(夜晚大地图),"Front Yard (Night,Big Map)","Front Yard (Night,Big Map)"
MAP_FRONTLAWN_COLD,前院(冬),Front Yard (Winter),Front Yard (Winter)
MAP_FRONTLAWN_NIGHT_COLD,前院(冬夜),Front Yard (Winter Night),Front Yard (Winter Night)
MAP_FRONTLAWN_COLD_BIG,前院(冬大地图),"Front Yard (Winter,Big Map)","Front Yard (Winter,Big Map)"
MAP_FRONTLAWN_NIGHT_COLD_BIG,前院(冬夜大地图),"Front Yard (Winter Night,Big Map)","Front Yard (Winter Night,Big Map)"
MAP_FRONTLAWN_EMPTY,前院(白天裸地),"Front Yard (Day,Empty)","Front Yard (Day,Empty)"
MAP_FRONTLAWN_NIGHT_EMPTY,前院(夜晚裸地),"Front Yard (Night,Empty)","Front Yard (Night,Empty)"
MAP_FRONTLAWN_EMPTY_BIG,前院(白天裸地大地图),"Front Yard (Day,Empty,Big Map)","Front Yard (Day,Empty,Big Map)"
MAP_FRONTLAWN_NIGHT_EMPTY_BIG,前院(夜晚裸地大地图),"Front Yard (Night,Empty,Big Map)","Front Yard (Night,Empty,Big Map)"
MAP_FRONTLAWN_NIGHT_DEEP,前院(深夜),"Front Yard (Deep Night)","Front Yard (Deep Night)"
MAP_FRONTLAWN_THREEPART,前院(三分),"Front Yard (Three Part)","Front Yard (Three Part)"
MAP_FRONTLAWN_NIGHT_THREEPART,前院(夜晚三分),"Front Yard (Night,Three Part)","Front Yard (Night,Three Part)"

MAP_BACKYARD,后院(白天),Back Yard (Day),Back Yard (Day)
MAP_BACKYARD_NIGHT,后院(夜晚),Back Yard (Night),Back Yard (Night)
MAP_BACKYARD_FULL,后院(白天全泳池),"Back Yard (Day,Full Pool)","Back Yard (Day,Full Pool)"
MAP_BACKYARD_NIGHT_FULL,后院(夜晚全泳池),"Back Yard (Night,Full Pool)","Back Yard (Night,Full Pool)"

MAP_OUTSIDE_FRONTLAWN,外部前院,Outside Front Yard,Outside Front Yard
MAP_OUTSIDE_FRONTLAWN_NIGHT,外部前院(夜晚),Outside Front Yard Night,Outside Front Yard Night
MAP_OUTSIDE_BACKYARD,外部后院,Outside Back Yard,Outside Back Yard
MAP_OUTSIDE_BACKYARD_NIGHT,外部后院(夜晚),Outside Back Yard Night,Outside Back Yard Night

MAP_ROOF,屋顶,Roof,Roof
MAP_ROOF_NIGHT,屋顶(夜晚),Roof Night,Roof Night

MAP_HEAVEN,天堂,Heaven,Heaven

MAP_CHESS,跳棋棋盘,Chess,Chess

MAP_VAMPIRE,吸血鬼屋,Vampire,Vampire

BGM_FRONTLAWN,前院(白天),Front Yard,Front Yard
BGM_FRONTLAWN_NIGHT,前院(夜晚),Front Yard Night,Front Yard Night
BGM_BACKYARD,后院(白天),Back Yard,Back Yard
BGM_BACKYARD_NIGHT,后院(夜晚),Back Yard Night,Back Yard Night
BGM_ROOF,屋顶(白天),Roof,Roof
BGM_ROOF_NIGHT,屋顶(夜晚),Roof Night,Roof Night
BGM_CEREBRAW,解迷,Brain War,Brain War
BGM_LOONBOON,小游戏,Loonboon,Loonboon
BGM_ULTIMATE_BATTLE,传送带,Ultimate Battle,Ultimate Battle
BGM_FIREMODE,射击模式,FireMode,FireMode
LEVLE_EVENT_GRAVESTONE_CREATE_RANDOM,随机位置创建墓碑,GravestoneCreateRandom,GravestoneCreateRandom
LEVLE_EVENT_GRAVESTONE_SPAWN_ZOMBIE,墓碑产生僵尸,GravestoneSpawnZombie,GravestoneSpawnZombie
LEVLE_EVENT_CURRENTMAP_USE_STRIPE,使用当前地图限制红线,CurrentMapUseStripe,CurrentMapUseStripe
LEVLE_EVENT_CURRENTMAP_USE_WARNINGLINE,使用当前地图警戒线,CurrentMapUseWarningLine,CurrentMapUseWarningLine
LEVLE_EVENT_CURRENTMAP_CHARACTER_CLEAR,清除当前地图角色,CurrentMapCharacterClear,CurrentMapCharacterClear
LEVLE_EVENT_MAP_CHANGE,切换地图,MapChange,MapChange
LEVLE_EVENT_TIPS_PLAY,播放警告,TipsPlay,TipsPlay
LEVLE_EVENT_SET_GAME_MODE,设置游戏模式,SetGameMode,SetGameMode
LEVLE_EVENT_CREATE_PROTAL,创建传送门,CreateProtal,CreateProtal
LEVLE_EVENT_CHAGE_PROTAL_POS,改变传送门位置,ChangeProtalPos,ChangeProtalPos

TOWERDEFENSE,塔防,Defense,Defense
HAMMER,锤子,Hammer,Hammer

TOWERDEFENSE_READYSETPLANTS_READY,准备..,Ready..,Ready..
TOWERDEFENSE_READYSETPLANTS_SET,种植...,Set...,Set...
TOWERDEFENSE_READYSETPLANTS_PLANTS,植物!,PLANT!,PLANT!

TOWERDEFENSE_TIPS_HUGEWAVE,一大波僵尸正在接近!,A HUGE WAVE OF ZOMBIES IS APPROACHINE!,A HUGE WAVE OF ZOMBIES IS APPROACHINE!
TOWERDEFENSE_TIPS_FINALWAVE,最后一波,FINAL WAVE,FINAL WAVE

TOWERDEFENSE_TIPS_AFTERNOON,太阳开始下山了!,SUN IS GOING DOWN,SUN IS GOING DOWN
TOWERDEFENSE_TIPS_NIGHT,太阳落山了!,SUN IS GOING DOWN,SUN IS GOING DOWN
TOWERDEFENSE_TIPS_NIGHT_DEEP,太阳开始慢慢升起了！,SUN IS GOING UP,SUN IS GOING UP
TOWERDEFENSE_TIPS_DAY,天亮了！,SUN IS RISING,SUN IS RISING

TOWERDEFENSE_TIPS_GRAVSTONE_GROW,墓碑开始生长!,TOMBSTONE BEGINS TO GROW,TOMBSTONE BEGINS TO GROW
TOWERDEFENSE_TIPS_GRAVSTONE_LOOSEN,墓碑开始松动!,THE TOMBSTONE IS STARTING TO LOOSEN,THE TOMBSTONE IS STARTING TO LOOSEN

TOWERDEFENSE_SHOVEL_DEFAULT_NAME,铁铲,Iron Shovel,Iron Shovel
TOWERDEFENSE_SHOVEL_DEFAULT_EXPRESTION,移除植物，无特殊效果。,,
TOWERDEFENSE_SHOVEL_DEFAULT_HANDBOOK_EXPRESTION,特点：[color=cc241d]无[/color],,
TOWERDEFENSE_SHOVEL_DEFAULT_HANDBOOK_STORY,戴夫送你的小铲子！现在有了其他强力的铲子，它或许也可以放个假了。,,

TOWERDEFENSE_SHOVEL_GOLD_NAME,金铲,Gold Shovel,Gold Shovel
TOWERDEFENSE_SHOVEL_GOLD_EXPRESTION,移除场地上的植物返还少量阳光！,,
TOWERDEFENSE_SHOVEL_GOLD_HANDBOOK_EXPRESTION,[color=FF0000]获取方式[/color]：[color=0000cd]通关冒险模式 1-4[/color]\n\n特点：[color=cc241d]铲掉植物时回收20%阳光[/color],,
TOWERDEFENSE_SHOVEL_GOLD_HANDBOOK_STORY,在草坪上捡到的金铲子。看起来像是黄金制品但意外地耐用，估计只是镀金的。,,

TOWERDEFENSE_SHOVEL_COLD_NAME,寒冰铲,Cold Shovel,Cold Shovel
TOWERDEFENSE_SHOVEL_COLD_EXPRESTION,移除植物时向前发射寒冰豌豆！,,
TOWERDEFENSE_SHOVEL_COLD_HANDBOOK_EXPRESTION,[color=FF0000]获取方式[/color]：[color=0000cd]通关冒险模式 2-4[/color]\n\n特点：[color=cc241d]铲掉植物时向前发射寒冰豌豆，数量为该植物价格的10%（向下取整）[/color],,
TOWERDEFENSE_SHOVEL_COLD_HANDBOOK_STORY,据说是从某个冰淇淋小摊淘来的铲子。,,

TOWERDEFENSE_SHOVEL_DIAMOND_NAME,钻石铲,Diamond Shovel,Diamond Shovel
TOWERDEFENSE_SHOVEL_DIAMOND_EXPRESTION,移除场地上的植物返还大量阳光！,,
TOWERDEFENSE_SHOVEL_DIAMOND_HANDBOOK_EXPRESTION,[color=FF0000]获取方式[/color]：[color=0000cd]商店购买 “钻石铲”[/color]\n\n特点：[color=cc241d]铲掉植物时回收30%阳光[/color],,
TOWERDEFENSE_SHOVEL_DIAMOND_HANDBOOK_STORY,看这通体的质感，不像是用一颗钻石两根木棍合成出的东西？,,

TOWERDEFENSE_SHOVEL_JALAPENO_NAME,辣椒铲,Jalapeno shovel,Jalapeno shovel
TOWERDEFENSE_SHOVEL_JALAPENO_EXPRESTION,移除植物时释放一行火焰！,,
TOWERDEFENSE_SHOVEL_JALAPENO_HANDBOOK_EXPRESTION,[color=FF0000]获取方式[/color]：[color=0000cd]通关冒险模式 3-4[/color]\n\n特点：[color=cc241d]铲掉植物时，释放一次整行的火焰效果，对本行僵尸造成等同于植物价格的火焰伤害（铲掉价格为0的植物不触发效果）[/color],,
TOWERDEFENSE_SHOVEL_JALAPENO_HANDBOOK_STORY,一把火辣辣的铲子，冬天拿在手里也很温暖。,,

TOWERDEFENSE_SHOVEL_MAGNET_NAME,磁力铲,Magnetic shovel,Magnetic shovel
TOWERDEFENSE_SHOVEL_MAGNET_EXPRESTION,移除植物时吸取场上的铁器！,,
TOWERDEFENSE_SHOVEL_MAGNET_HANDBOOK_EXPRESTION,[color=FF0000]获取方式[/color]：[color=0000cd]通关冒险模式 4-4[/color]\n\n特点：[color=cc241d]铲掉植物时，生成一个磁力旋涡，全屏吸取僵尸铁器并销毁（优先吸取距离最近的），吸取数量为该植物价格÷50（向下取整）[/color],,
TOWERDEFENSE_SHOVEL_MAGNET_HANDBOOK_STORY,这其实是一大块电磁铁。你问电从哪来？当然是太阳能！,,

TOWERDEFENSE_SHOVEL_MELON_NAME,西瓜铲,Melon shovel,Melon shovel
TOWERDEFENSE_SHOVEL_MELON_EXPRESTION,移除植物时向前发射西瓜！,,
TOWERDEFENSE_SHOVEL_MELON_HANDBOOK_EXPRESTION,[color=FF0000]获取方式[/color]：[color=0000cd]通关冒险模式 5-4[/color]\n\n特点：[color=cc241d]铲掉植物时向前发射西瓜，数量为植物价格的5%（每20阳光发射一个）[/color],,
TOWERDEFENSE_SHOVEL_MELON_HANDBOOK_STORY,“种瓜得瓜”？有这把铲子，你种啥都能得瓜！,,

TOWERDEFENSE_SHOVEL_PUMPKIN_NAME,南瓜铲,Pumpkin shovel,Pumpkin shovel
TOWERDEFENSE_SHOVEL_PUMPKIN_EXPRESTION,南瓜铲的说明,,
TOWERDEFENSE_SHOVEL_PUMPKIN_HANDBOOK_EXPRESTION,[color=FF0000]获取方式[/color]：[color=0000cd]通关冒险模式 6-4[/color]\n\n特点：[color=cc241d]\n①铲掉一个非南瓜头植物，生成一个继承被铲植物当前血量的南瓜头（如若本格内存在南瓜头，则会将该植物血量叠加到南瓜头上）[/color]\n②：铲掉一个南瓜头，获取其对应的阳光（当前血量/血量上限*当前价格）[/color],,
TOWERDEFENSE_SHOVEL_PUMPKIN_HANDBOOK_STORY,铲面中间似乎是空的，放根蜡烛或许能当南瓜灯用？,,

TOWERDEFENSE_MOWER_DEFAULT_NAME,草坪小推车,Default Mower,Default Mower
TOWERDEFENSE_MOWER_DEFAULT_EXPRESTION,默认的陆地小推车,,
TOWERDEFENSE_MOWER_DEFAULT_HANDBOOK_EXPRESTION,特点：[color=cc241d]无[/color],,
TOWERDEFENSE_MOWER_DEFAULT_HANDBOOK_STORY,你的院子里配备已久的除草机，稍微改装了一下用于清理僵尸。,,

TOWERDEFENSE_MOWER_SUN_NAME,阳光小推车,Sun Mower,Sun Mower
TOWERDEFENSE_MOWER_SUN_EXPRESTION,碾压僵尸可以获得阳光！,,
TOWERDEFENSE_MOWER_SUN_HANDBOOK_EXPRESTION,[color=FF0000]获取方式[/color]：[color=0000cd]商店购买 “阳光小推车”[/color]\n\n特点：[color=cc241d]替换草坪小推车，每碾压一只僵尸掉落25点阳光,,
TOWERDEFENSE_MOWER_SUN_HANDBOOK_STORY,这是小推车帮你申请的备用应急阳光。或许你可以直接弃车把它当作启动资金？,,

TOWERDEFENSE_PLANT_PRESENTBOX_NAME,抽奖盒子,PresentBox,PresentBox
TOWERDEFENSE_PLANT_PRESENTBOX_EXPRESTION,下一个惊喜是？,,
TOWERDEFENSE_PLANT_PRESENTBOX_HANDBOOK_EXPRESTION,韧性：[color=cc241d]300[/color]\n范围：[color=cc241d]自身所在格[/color]\n特性：[color=C71585]随机植物[/color]\n特点：[color=cc241d]随机开出一株植物，夜间植物不会睡觉[/color],,
TOWERDEFENSE_PLANT_PRESENTBOX_HANDBOOK_STORY,“如你所见，我是一个盒子。”随机植物盒子说，“我里面有些种子，你可能会找到杂交种子，因为它们在里面打拳击（boxing）。至于为什么能开出玉米加农炮……”盒子迟疑了一下。“因为他是被挤出来的。”,,

TOWERDEFENSE_PLANT_PEASHOOTERSINGLE_NAME,豌豆射手,PeashooterSingle,PeashooterSingle
TOWERDEFENSE_PLANT_PEASHOOTERSINGLE_EXPRESTION,豌豆射手，你的第一道防线。它们通过发射豌豆来攻击僵尸。,,
TOWERDEFENSE_PLANT_PEASHOOTERSINGLE_HANDBOOK_EXPRESTION,[color=FF0000]获取方式[/color]：[color=0000cd]通关冒险模式 1-10[/color]\n\n韧性：[color=cc241d]300[/color]\n威力：[color=cc241d]20/1.5s[/color]\n范围：[color=cc241d]前方一行[/color],,
TOWERDEFENSE_PLANT_PEASHOOTERSINGLE_HANDBOOK_STORY,一棵植物，怎么能如此快地生长，并发射如此多的豌豆呢？豌豆射手回答：“努力工作，奉献自己，再加上一份阳光，高纤维和氧化碳均衡搭配，这种健康早餐让一切成为可能。”,,

TOWERDEFENSE_PLANT_CHERRYBOMB_NAME,樱桃炸弹,CherryBomb,CherryBomb
TOWERDEFENSE_PLANT_CHERRYBOMB_EXPRESTION,樱桃炸弹能炸掉一定区域内所有僵尸。他们一种下就会立刻引爆，所以请把他们种在僵尸们的身边。,,
TOWERDEFENSE_PLANT_CHERRYBOMB_HANDBOOK_EXPRESTION,[color=FF0000]获取方式[/color]：[color=0000cd]通关冒险模式 1-10[/color]\n\n韧性：[color=cc241d]300[/color]\n威力：[color=cc241d]1800（灰烬伤害）[/color]\n范围：[color=cc241d]自身为中心周围1.5格的圆[/color],,
TOWERDEFENSE_PLANT_CHERRYBOMB_HANDBOOK_STORY,“我要‘爆’开了，”樱桃一号说。“不，我们是要‘炸’开了！”它哥哥樱桃二号说。经过激烈的商议之后，它们才统一达成“爆炸”这个说法。,,

TOWERDEFENSE_PLANT_WALLNUT_NAME,坚果,Wallnut,Wallnut
TOWERDEFENSE_PLANT_WALLNUT_EXPRESTION,坚果拥有足以让你保护其它植物的坚硬外壳。,,
TOWERDEFENSE_PLANT_WALLNUT_HANDBOOK_EXPRESTION,[color=FF0000]获取方式[/color]：[color=0000cd]通关冒险模式 1-10[/color]\n\n韧性：[color=cc241d]4000[/color],,
TOWERDEFENSE_PLANT_WALLNUT_HANDBOOK_STORY,坚果：“人们想知道，经常被僵尸啃的感觉怎样？他们不知道，我有限的感官，只能让我感到一种麻麻的感觉，像是，令人放松的背部按摩。”,,

TOWERDEFENSE_PLANT_SNOWPEA_NAME,寒冰射手,Ice Archer,Ice Archer
TOWERDEFENSE_PLANT_SNOWPEA_EXPRESTION,寒冰射手会发射寒冰豌豆攻击敌人，并具有减速效果。,,
TOWERDEFENSE_PLANT_SNOWPEA_HANDBOOK_EXPRESTION,[color=FF0000]获取方式[/color]：[color=0000cd]商店购买 “冰锥射手” [/color]\n\n韧性：[color=cc241d]300[/color]\n威力：[color=cc241d]20/1.5s[/color]\n范围：[color=cc241d]前方一行[/color]\n特点：[color=cc241d]发射的寒冰豌豆会减速命中的僵尸15秒[/color],,
TOWERDEFENSE_PLANT_SNOWPEA_HANDBOOK_STORY,人们经常告诉寒冰射手他是多么“冷酷”，或者告诫他要“冷静”。他们叫他要“保持镇静”。寒冰射手只是转转他的眼睛，其实他都听见了。,,

TOWERDEFENSE_PLANT_CHOMPER_NAME,大嘴花,Chomper,Chomper
TOWERDEFENSE_PLANT_CHOMPER_EXPRESTION,大嘴花可以一口吞掉一整只僵尸，但是他们消化僵尸的时候很脆弱。,,
TOWERDEFENSE_PLANT_CHOMPER_HANDBOOK_EXPRESTION,[color=FF0000]获取方式[/color]：[color=0000cd]通关冒险模式 5-10[/color]\n\n韧性：[color=cc241d]300[/color]\n威力：[color=cc241d]吞噬（小型僵尸）/42秒[/color]\n范围：[color=cc241d]前方一格[/color]\n特点：[color=cc241d]对可吞噬的僵尸即死对不可吞噬僵尸则造成40点伤害[/color],,
TOWERDEFENSE_PLANT_CHOMPER_HANDBOOK_STORY,大嘴花几乎可以到“恐怖小店”表演他的绝技了，不过他的经济人榨取了他太多的钱，所以他没去成。尽管如此，大嘴花没有怨言，只说了句这只是交易的一部分。,,

TOWERDEFENSE_PLANT_PEASHOOTER_NAME,双发射手,Peashooter,Peashooter
TOWERDEFENSE_PLANT_PEASHOOTER_EXPRESTION,双发射手可以一次发射两颗豌豆,,
TOWERDEFENSE_PLANT_PEASHOOTER_HANDBOOK_EXPRESTION,[color=FF0000]获取方式[/color]：[color=0000cd]通关冒险模式 1-10[/color]\n\n韧性：[color=cc241d]300[/color]\n威力：[color=cc241d]20x2/1.5s[/color]\n范围：[color=cc241d]前方一行[/color],,
TOWERDEFENSE_PLANT_PEASHOOTER_HANDBOOK_STORY,双发射手很凶悍，他是在街头混大的。他不在乎任何人的看法，无论是植物还是僵尸，他打出豌豆，是为了让别人离他远点。但其实，双发射手一直暗地里渴望着爱情。,,

TOWERDEFENSE_PLANT_PUFFSHROOM_NAME,小喷菇,Little Puffcap,Little Puffcap
TOWERDEFENSE_PLANT_PUFFSHROOM_EXPRESTION,小喷菇是免费的，不过射程很近。,,
TOWERDEFENSE_PLANT_PUFFSHROOM_HANDBOOK_EXPRESTION,韧性：[color=cc241d]300[/color]\n威力：[color=cc241d]20/1.5s[/color]\n范围：[color=cc241d]前方三格[/color]\n特性：[color=C71585]白天会睡觉[/color],,
TOWERDEFENSE_PLANT_PUFFSHROOM_HANDBOOK_STORY,小喷菇：“我是最近才知道僵尸的事情。和很多蘑菇一样，我只是把他们想象成童话和电影里的怪物。不过这次的经历已经让我大开眼界了。”,,

TOWERDEFENSE_PLANT_SUNSHROOM_NAME,阳光菇,Sunlight Mushroom,Sunlight Mushroom
TOWERDEFENSE_PLANT_SUNSHROOM_EXPRESTION,阳光菇开始提供少量阳光，稍后提供正常数量阳光。,,
TOWERDEFENSE_PLANT_SUNSHROOM_HANDBOOK_EXPRESTION,韧性：[color=cc241d]300[/color]\n生产：[color=cc241d]15阳光/25秒，长大后变为25阳光/25秒[/color]\n特性：[color=C71585]白天会睡觉[/color]\n特点：[color=cc241d]需要60秒时间成长[/color],,
TOWERDEFENSE_PLANT_SUNSHROOM_HANDBOOK_STORY,阳光菇讨厌阳光。恨到当它内部产生点阳光时，就尽可能快的吐出来。它就是不能忍受这个。对它来说，阳光令人厌恶。,,

TOWERDEFENSE_PLANT_FUMESHROOM_NAME,大喷菇,Giant puffball,Giant puffball
TOWERDEFENSE_PLANT_FUMESHROOM_EXPRESTION,大喷菇喷出的气液可以穿透铁丝网门。,,
TOWERDEFENSE_PLANT_FUMESHROOM_HANDBOOK_EXPRESTION,韧性：[color=cc241d]300[/color]\n威力：[color=cc241d]20/1.5s[/color]\n范围：[color=cc241d]前方四格所有僵尸[/color]\n特性：[color=C71585]白天会睡觉[/color]\n特点：[color=cc241d]攻击无视二类防具[/color],,
TOWERDEFENSE_PLANT_FUMESHROOM_HANDBOOK_STORY,“我以前那份没前途的工作，是为一个面包房生产酵母孢，”大喷菇说。“然后小喷菇，上帝保佑它，告诉了我这个喷杀僵尸的机会。现在我真觉得自己完全不同了。”,,

TOWERDEFENSE_PLANT_GRAVEBUSTER_NAME,墓碑吞噬者,Grave Monument Eater,Grave Monument Eater
TOWERDEFENSE_PLANT_GRAVEBUSTER_EXPRESTION,墓碑吞噬者用来吃掉墓碑。,,
TOWERDEFENSE_PLANT_GRAVEBUSTER_HANDBOOK_EXPRESTION,韧性：[color=cc241d]300[/color]\n特性：[color=C71585]只能种在墓碑上，并花费时间吞噬[/color],,
TOWERDEFENSE_PLANT_GRAVEBUSTER_HANDBOOK_STORY,尽管墓碑吞噬者的外表十分吓人，但他想要所有人都知道，其实他喜欢小猫咪，而且利用业余时间，在一家僵尸康复中心做志愿者。“我只是在做正确的事情，”他说。,,

TOWERDEFENSE_PLANT_HYPNOSHROOM_NAME,魅惑菇,Hypno Shroom,Hypno Shroom
TOWERDEFENSE_PLANT_HYPNOSHROOM_EXPRESTION,当僵尸吃下魅惑菇后，它将会掉转方向为你作战。,,
TOWERDEFENSE_PLANT_HYPNOSHROOM_HANDBOOK_EXPRESTION,[color=FF0000]获取方式[/color]：[color=0000cd]通关冒险模式 2-10[/color]\n\n韧性：[color=cc241d]300[/color]\n特性：[color=C71585]白天会睡觉[/color]\n特点：[color=cc241d]吃掉它的僵尸会变成友军单位为你作战[/color],,
TOWERDEFENSE_PLANT_HYPNOSHROOM_HANDBOOK_STORY,魅惑菇声称：“僵尸们是我们的朋友，他们在我们的生态环境里扮演着重要角色。我们应当更努力地让他们学会用我们的方式来思考。”,,

TOWERDEFENSE_PLANT_SCAREDYSHROOM_NAME,胆小菇,Timid mushroom,Timid mushroom
TOWERDEFENSE_PLANT_SCAREDYSHROOM_EXPRESTION,胆小菇是一种远程射手，但敌人接近后会躲起来。,,
TOWERDEFENSE_PLANT_SCAREDYSHROOM_HANDBOOK_EXPRESTION,[color=FF0000]获取方式[/color]：[color=0000cd]通关冒险模式 2-10[/color]\n\n韧性：[color=cc241d]300[/color]\n威力：[color=cc241d]20/1.5s[/color]\n范围：[color=cc241d]前方一行[/color]\n特性：[color=C71585]白天会睡觉[/color]\n特点：[color=cc241d]以自身为圆心周围约1.5格内有僵尸时会躲起来停止攻击[/color],,
TOWERDEFENSE_PLANT_SCAREDYSHROOM_HANDBOOK_STORY,“谁在那？”胆小菇低声说，声音细微难辨。“走开！我不想见任何人。除非……除非你是马戏团的人。”,,

TOWERDEFENSE_PLANT_ICESHROOM_NAME,寒冰菇,Ice Mushroom,Ice Mushroom
TOWERDEFENSE_PLANT_ICESHROOM_EXPRESTION,寒冰菇能短暂的冻结屏幕上所有僵尸。,,
TOWERDEFENSE_PLANT_ICESHROOM_HANDBOOK_EXPRESTION,韧性：[color=cc241d]300[/color]\n威力：[color=cc241d]20[/color]\n范围：[color=cc241d]全屏[/color]\n特性：[color=C71585]清除火球、白天会睡觉[/color]\n特点：[color=cc241d]冻结范围内的所有僵尸3秒，并减速15秒[/color],,
TOWERDEFENSE_PLANT_ICESHROOM_HANDBOOK_STORY,寒冰菇皱着眉头，倒不是因为它不高兴或不满意，只是因为，它儿时因受创伤而遗留下了面瘫。,,

TOWERDEFENSE_PLANT_DOOMSHROOM_NAME,毁灭菇,Destroyer Mushroom,Destroyer Mushroom
TOWERDEFENSE_PLANT_DOOMSHROOM_EXPRESTION,毁灭菇可以摧毁大范围的僵尸，并留下一个不能种植物的弹坑。,,
TOWERDEFENSE_PLANT_DOOMSHROOM_HANDBOOK_EXPRESTION,韧性：[color=cc241d]300[/color]\n威力：[color=cc241d]1800（灰烬伤害）[/color]\n特性：[color=C71585]白天会睡觉[/color]\n特点：[color=cc241d]爆炸后残留一个弹坑，持续存在180秒[/color],,
TOWERDEFENSE_PLANT_DOOMSHROOM_HANDBOOK_STORY,“你很幸运，我是和你一伙的，”毁灭菇说，“我能摧毁任何你所害怕的东西，小菜一碟。”,,

TOWERDEFENSE_PLANT_LILYPAD_NAME,睡莲,lily Pad,lily Pad
TOWERDEFENSE_PLANT_LILYPAD_EXPRESTION,睡莲可以让你种植非水生植物在它上面。,,
TOWERDEFENSE_PLANT_LILYPAD_HANDBOOK_EXPRESTION,[color=FF0000]获取方式[/color]：[color=0000cd]通关冒险模式 3-10[/color]\n\n韧性：[color=cc241d]300[/color]\n特性：[color=C71585]可在水上承载植物[/color],,
TOWERDEFENSE_PLANT_LILYPAD_HANDBOOK_STORY,睡莲从不抱怨，它也从来不想知道发生了什么事。在它身上种植物，它也不会说什么。难道，它有什么惊奇想法或者可怕的秘密？没人知道。睡莲把这些都埋藏在心底。,,

TOWERDEFENSE_PLANT_SQUASH_NAME,窝瓜,Squash,Squash
TOWERDEFENSE_PLANT_SQUASH_EXPRESTION,窝瓜会压扁第一个接近它的僵尸。,,
TOWERDEFENSE_PLANT_SQUASH_HANDBOOK_EXPRESTION,[color=FF0000]获取方式[/color]：[color=0000cd]通关冒险模式 1-15[/color]\n\n韧性：[color=cc241d]300[/color]\n威力：[color=cc241d]1800[/color]\n范围：[color=cc241d]自身周围一格[/color],,
TOWERDEFENSE_PLANT_SQUASH_HANDBOOK_STORY,“我准备好了！”窝瓜大吼道，“干吧！算我一份；没人比我厉害，我就是你要的人！来啊！还等什么？要的就是这个。”,,

TOWERDEFENSE_PLANT_THREEPEATER_NAME,三线射手,Three-line shooter,Three-line shooter
TOWERDEFENSE_PLANT_THREEPEATER_EXPRESTION,三线射手可以在三条线上同时射出豌豆。,,
TOWERDEFENSE_PLANT_THREEPEATER_HANDBOOK_EXPRESTION,[color=FF0000]获取方式[/color]：[color=0000cd]通关冒险模式 3-10[/color]\n\n韧性：[color=cc241d]300[/color]\n威力：[color=cc241d]20/1.5s/行[/color]\n范围：[color=cc241d]前方三行[/color]\n边路补偿：[color=cc241d]种植于最上和最下行时向前多发射一枚子弹[/color],,
TOWERDEFENSE_PLANT_THREEPEATER_HANDBOOK_STORY,三线射手喜欢读书、下棋和在公园里傻坐着，他也喜欢演出，特别是现代爵士乐。“我正在寻找我生命中的另一半，”他说。三线射手最爱的数字是5。,,

TOWERDEFENSE_PLANT_TANGLEKELP_NAME,缠绕海草,,
TOWERDEFENSE_PLANT_TANGLEKELP_EXPRESTION,缠绕海草能够拖僵尸下水。,,
TOWERDEFENSE_PLANT_TANGLEKELP_HANDBOOK_EXPRESTION,[color=FF0000]获取方式[/color]：[color=0000cd]通关冒险模式 3-10[/color]\n\n韧性：[color=cc241d]300[/color]\n威力：[color=cc241d]即死[/color]\n范围：[color=cc241d]单格[/color]\n特性：[color=C71585]只能种在水中[/color]\n特点：[color=cc241d]将靠近的一只僵尸拉下水，然后消失[/color],,
TOWERDEFENSE_PLANT_TANGLEKELP_HANDBOOK_STORY,“我是完全隐形的。”缠绕海草琢磨着，“我藏匿在水面下，没人看得到我。”尽管朋友们告诉他，他们可以清楚地看到他；缠绕海草仍坚持自己的看法。,,

TOWERDEFENSE_PLANT_TALLNUT_NAME,高坚果,Sea Nut,Sea Nut
TOWERDEFENSE_PLANT_TALLNUT_EXPRESTION,高坚果是重型壁垒植物，而且不会被跨过。,,
TOWERDEFENSE_PLANT_TALLNUT_HANDBOOK_EXPRESTION,[color=FF0000]获取方式[/color]：[color=0000cd]通关冒险模式 3-10[/color]\n\n韧性：[color=cc241d]8000[/color]\n特性：[color=C71585]阻挡僵尸跳跃[/color],,
TOWERDEFENSE_PLANT_TALLNUT_HANDBOOK_STORY,人们都想知道，坚果和高坚果是否在竞争。高坚果以男中音的声调大声笑了。“我们之间怎么会存在竞争关系？我们是哥们儿。你知道坚果为我做了什么吗…”高坚果的声音越来越小，它狡黠地笑着。,,

TOWERDEFENSE_PLANT_JALAPENO_NAME,火爆辣椒,Jalapeno,Jalapeno
TOWERDEFENSE_PLANT_JALAPENO_EXPRESTION,火爆辣椒可以摧毁一整条线上的敌人。,,
TOWERDEFENSE_PLANT_JALAPENO_HANDBOOK_EXPRESTION,[color=FF0000]获取方式[/color]：[color=0000cd]通关冒险模式 1-15[/color]\n\n韧性：[color=cc241d]300[/color]\n威力：[color=cc241d]1800（火焰伤害）[/color]\n范围：[color=cc241d]自身所在一整行[/color]\n特性：[color=C71585]清除冰道与冰球[/color]\n特点：[color=cc241d]并解除植物与僵尸身上的减速和冻结效果[/color],,
TOWERDEFENSE_PLANT_JALAPENO_HANDBOOK_STORY,“嘎嘎嘎嘎！”火爆辣椒说。他现在不会爆炸，还不到时候。不过快了，喔！快了快了，快来了。他知道，他感受到了，他一生都是在等待这一刻！,,

TOWERDEFENSE_PLANT_PLANTERN_NAME,路灯花,Street lamp flower,Street lamp flower
TOWERDEFENSE_PLANT_PLANTERN_EXPRESTION,路灯花能照亮一片区域，让你看清战场迷雾。,,
TOWERDEFENSE_PLANT_PLANTERN_HANDBOOK_EXPRESTION,[color=FF0000]获取方式[/color]：[color=0000cd]通关冒险模式 4-10[/color]\n\n韧性：[color=cc241d]300[/color]\n范围：[color=cc241d]自身为中心7×5格[/color]\n特点：[color=cc241d]照亮范围内的迷雾和透视3x3范围的罐子[/color],,
TOWERDEFENSE_PLANT_PLANTERN_HANDBOOK_STORY,路灯花抵触科学，它只会埋头蛮干。其他植物吃的是光，挤出的是氧气。路灯花吃的是黑暗，挤出的却是光。对于它如何能产生光这件事，路灯花持谨慎态度。“我不会说这是“巫术”，我也不会使用“黑暗力量”，我只是……我想我说得够多的了。”,,

TOWERDEFENSE_PLANT_PUMPKIN_NAME,南瓜壳,Pumpkin shell,Pumpkin shell
TOWERDEFENSE_PLANT_PUMPKIN_EXPRESTION,南瓜壳可以用它的外壳保护其它的植物。,,
TOWERDEFENSE_PLANT_PUMPKIN_HANDBOOK_EXPRESTION,[color=FF0000]获取方式[/color]：[color=0000cd]同时拥有火焰南瓜壳与冰焰南瓜壳时解锁[/color]\n\n韧性：[color=cc241d]4000[/color]\n特性：[color=C71585]保护植物[/color],,
TOWERDEFENSE_PLANT_PUMPKIN_HANDBOOK_STORY,南瓜壳最近都没有关于他表哥“刃菲尔德”的消息。刃菲尔德是个大明星，是一种运动的体育明星…叫什么运动来着？佩格跳跳球大师？总之南瓜壳搞不懂是什么运动，他只想做好他自己的本职工作。,,

TOWERDEFENSE_PLANT_POT_NAME,花盆,Pot,Pot
TOWERDEFENSE_PLANT_POT_EXPRESTION,花盆可以让你在屋顶上种植植物。,,
TOWERDEFENSE_PLANT_POT_HANDBOOK_EXPRESTION,[color=FF0000]获取方式[/color]：[color=0000cd]通关冒险模式 1-15[/color]\n\n韧性：[color=cc241d]300[/color]\n特性：[color=C71585]可在裸地上承载植物[/color],,
TOWERDEFENSE_PLANT_POT_HANDBOOK_STORY,“我是一个花盆，但我也是一棵植物。是不是很意外？”,,

TOWERDEFENSE_PLANT_CORNPULT_NAME,玉米投手,Corn pitcher,Corn pitcher
TOWERDEFENSE_PLANT_CORNPULT_EXPRESTION,玉米投手可以投掷玉米粒和黄油。,,
TOWERDEFENSE_PLANT_CORNPULT_HANDBOOK_EXPRESTION,[color=FF0000]获取方式[/color]：[color=0000cd]通关冒险模式 5-10[/color]\n\n韧性：[color=cc241d]300[/color]\n威力：[color=cc241d]（20~40）/3s[/color]\n范围：[color=cc241d]前方一行[/color]\n特点：[color=cc241d]①投掷无视地形坡面\n②有概率投掷黄油，伤害40、赋予僵尸3秒定身[/color],,
TOWERDEFENSE_PLANT_CORNPULT_HANDBOOK_STORY,玉米投手是投手兄弟中的老大；他们三兄弟当中，只有玉米记得其它人的生日，只不过它记得不太准而已。,,

TOWERDEFENSE_PLANT_MELONPULT_NAME,西瓜投手,Watermelon pitcher,Watermelon pitcher
TOWERDEFENSE_PLANT_MELONPULT_EXPRESTION,西瓜投手可以对成群的僵尸造成巨大伤害。,,
TOWERDEFENSE_PLANT_MELONPULT_HANDBOOK_EXPRESTION,[color=FF0000]获取方式[/color]：[color=0000cd]通关冒险模式 3-10[/color]\n\n韧性：[color=cc241d]300[/color]\n威力：[color=cc241d]80/3s[/color]\n范围：[color=cc241d]前方一行[/color]\n特点：[color=cc241d]投掷无视地形坡面[/color],,
TOWERDEFENSE_PLANT_MELONPULT_HANDBOOK_STORY,低调从来不是西瓜投手的风格，“太阳——赐予我——力量，我是草地上最能打的。”他说，“我不是吹牛，瞅瞅那些统计数据，你就会明白了。”,,

TOWERDEFENSE_PLANT_LMITATER_NAME,模仿者,Imitator,Imitator
TOWERDEFENSE_PLANT_LMITATER_EXPRESTION,模仿者可以变身为随机一株白卡植物！,,
TOWERDEFENSE_PLANT_LMITATER_HANDBOOK_EXPRESTION,韧性：[color=cc241d]300[/color]\n特性：[color=cc241d]变身为其他植物[/color]\n特点：[color=cc241d]种下后需要3.2秒准备时间，之后变成一株随机白卡植物[/color],,
TOWERDEFENSE_PLANT_LMITATER_HANDBOOK_STORY,“那一晚派对简直太疯狂，我甚至不知道该以什么身份出现在场上。”模仿者说。可惜的是，天亮后他也不知道。我可怜的模仿者。,,

TOWERDEFENSE_PLANT_GATLINGPEA_NAME,机枪射手,GatlingPea,GatlingPea
TOWERDEFENSE_PLANT_GATLINGPEA_EXPRESTION,机枪射手可以一次发射四颗豌豆。,,
TOWERDEFENSE_PLANT_GATLINGPEA_HANDBOOK_EXPRESTION,[color=FF0000]获取方式[/color]：[color=0000cd]拥有十株原卡植物解锁[/color]\n\n韧性：[color=cc241d]300[/color]\n威力：[color=cc241d]20×4/1.5s[/color]\n范围：[color=cc241d]前方一行[/color]\n特性：[color=C71585]紫卡植物[/color]\n紫卡植物：[color=0000FF]需要种植在双发射手上[/color],,
TOWERDEFENSE_PLANT_GATLINGPEA_HANDBOOK_STORY,当机枪射手宣布他要服役的时候，他的父母很为它担心，他们异口同声地对他说：“亲爱的，这太危险了。”但机枪射手拒绝妥协：“生活本就是危险的。”他这样回答，此时他的眼睛里正闪烁着钢铁般的信念。,,

TOWERDEFENSE_PLANT_CATTAIL_NAME,猫尾草,Cyperus,Cyperus
TOWERDEFENSE_PLANT_CATTAIL_EXPRESTION,能够攻击任何路线的僵尸，以及气球。,,
TOWERDEFENSE_PLANT_CATTAIL_HANDBOOK_EXPRESTION,[color=FF0000]获取方式[/color]：[color=0000cd]通关冒险模式 4-10[/color]\n\n韧性：[color=cc241d]300[/color]\n威力：[color=cc241d]20×2/1.5s[/color]\n范围：[color=cc241d]全屏追踪[/color]\n特性：[color=C71585]紫卡植物[/color]\n紫卡植物：[color=0000FF]需要种植在豌豆睡莲或睡莲上[/color],,
TOWERDEFENSE_PLANT_CATTAIL_HANDBOOK_STORY,“嗷！”香蒲说：“嗷！嗷！嗷！这让你困惑么？你不会就因为我名字里有猫、还有我长得像猫咪，就期待我会喵喵叫吧？这里可不是这样的，我可不想被随便归类。”,,

TOWERDEFENSE_PLANT_FIRETALLNUT_NAME,冰炬高坚果,Cold Fire TallNut,Cold Fire TallNut
TOWERDEFENSE_PLANT_FIRETALLNUT_EXPRESTION,比坚果更强的堡垒，比火炬更冷的火焰！,,
TOWERDEFENSE_PLANT_FIRETALLNUT_HANDBOOK_EXPRESTION,[color=FF0000]获取方式[/color]：[color=0000cd]商店购买 “冰炬高坚果”[/color]\n\n韧性：[color=cc241d]8000[/color]\n冰焰豌豆：[color=cc241d]40（25%单格溅射冰焰伤害）[/color]\n灼烧：[color=cc241d]40/1.5s[/color]\n灼烧范围：[color=cc241d]自身周围一格[/color]\n特性：[color=C71585]阻挡僵尸跳跃、紫卡植物[/color]\n特点1：[color=cc241d]\n①灼烧靠近的僵尸，并使其减速\n②点燃豌豆、冰豆、火球为冰焰豌豆，冰焰豌豆不会抵消减速和冻结效果[/color]\n特点2：[color=cc241d]种在冰炬树桩上会返还75阳光[/color]\n紫卡植物：[color=0000FF]需要种植在火炬坚果或冰炬树桩上[/color],,
TOWERDEFENSE_PLANT_FIRETALLNUT_HANDBOOK_STORY,显而易见，冰炬高坚果承担着比他兄弟更加“坚炬”的任务，但他有着一颗与外表相反的温暖内心。他喜欢别人叫自己“冰糕”，这个称呼对那些既想吃冰品又想喝热饮的孩子们太友好了。,,
TOWERDEFENSE_PLANT_FIRETALLNUT_CUSTOM_1_NAME,蓝焰引擎,,
TOWERDEFENSE_PLANT_FIRETALLNUT_CUSTOM_1_ACCESS,商店购买（价格10000）,,
TOWERDEFENSE_PLANT_FIRETALLNUT_CUSTOM_1_STORY,鬼火和引擎都有了，接下来他可能需要一条锁链鞭子当武器…,,

TOWERDEFENSE_PLANT_ICESUNMINE_NAME,寒光土豆雷,Ice SunMine,Ice SunMine
TOWERDEFENSE_PLANT_ICESUNMINE_EXPRESTION,触发式爆炸型寒光菇！,,
TOWERDEFENSE_PLANT_ICESUNMINE_HANDBOOK_EXPRESTION,[color=FF0000]获取方式[/color]：[color=0000cd]商店购买 “寒光土豆雷”[/color]\n\n韧性：[color=cc241d]300[/color]\n威力：[color=cc241d]1800（爆炸）+ 20（寒光菇）[/color]\n范围：[color=cc241d]单格[/color]\n特性：[color=C71585]紫卡植物[/color]\n特点1：[color=cc241d]需要15秒准备时间，种植时继承原本阳光土豆雷的准备时间[/color]\n特点2：[color=cc241d]被僵尸触发爆炸后生成50阳光，并释放一次寒光菇效果[/color]\n紫卡植物：[color=0000FF]需要种植在阳光土豆雷上[/color],,
TOWERDEFENSE_PLANT_ICESUNMINE_HANDBOOK_STORY,寒光土豆雷其实也是阳光俱乐部的重要成员，只不过他过于“冷”门无人知晓。他最近盘算着给自己的冰凌染些颜色，这样僵尸或许就会把他当作一碗刨冰主动靠近了。,,

TOWERDEFENSE_PLANT_ICESPEARPEA_NAME,冰锥射手,Ice Spear Pea,Ice Spear Pea
TOWERDEFENSE_PLANT_ICESPEARPEA_EXPRESTION,原版寒冰射手的升级姿态！,,
TOWERDEFENSE_PLANT_ICESPEARPEA_HANDBOOK_EXPRESTION,[color=FF0000]获取方式[/color]：[color=0000cd]商店购买 “冰锥射手”[/color]\n\n韧性：[color=cc241d]300[/color]\n威力：[color=cc241d]60/1.5s[/color]\n范围：[color=cc241d]前方一行[/color]\n特性：[color=C71585]紫卡植物[/color]\n特点：[color=cc241d]冰锥子弹能穿透最多3只僵尸，无视二类防具，并对僵尸附加减速15秒+5%概率冻结3秒[/color]\n紫卡植物：[color=0000FF]需要种植在寒冰射手上[/color],,
TOWERDEFENSE_PLANT_ICESPEARPEA_HANDBOOK_STORY,冰锥射手是著名的登山博主，据说他身上的每一片冰晶都取自不同的雪山顶峰，是天然的勋章；但也有不少网友觉得这只是炒作的说法，“就算他说的属实，那也不是他整天不洗脸对着镜头的理由。”,,

TOWERDEFENSE_PLANT_TWINSUNSHROOM_NAME,双子阳光向日葵,Twin SunShroom,Twin SunShroom
TOWERDEFENSE_PLANT_TWINSUNSHROOM_EXPRESTION,双倍的阳光向日葵，阳光产量再翻倍！,,
TOWERDEFENSE_PLANT_TWINSUNSHROOM_HANDBOOK_EXPRESTION,[color=FF0000]获取方式[/color]：[color=0000cd]商店购买 “双子阳光向日葵”[/color]\n\n韧性：[color=cc241d]300[/color]\n生产：[color=cc241d]50阳光/25秒，长大后变为100阳光/25秒[/color]\n特性：[color=C71585]紫卡植物[/color]\n特点：[color=cc241d]需要60秒时间成长[/color]\n紫卡植物：[color=0000FF]需要种植在阳光向日葵上[/color],,
TOWERDEFENSE_PLANT_TWINSUNSHROOM_HANDBOOK_STORY,“我原以为豌豆向日葵的诞生已经够疯狂了，但万万没想到，有一天我自己都要被拿来做实验！”每次提到双子阳光向日葵，双子向日葵都会这么说，毕竟她怎么也想不到，实验成果还能被再次拿来做实验素材。,,

TOWERDEFENSE_PLANT_GATLINGCAT_NAME,机枪香蒲,Gatling PeaCat,Gatling PeaCat
TOWERDEFENSE_PLANT_GATLINGCAT_EXPRESTION,这机枪又是哪路高手来的？！,,
TOWERDEFENSE_PLANT_GATLINGCAT_HANDBOOK_EXPRESTION,[color=FF0000]获取方式[/color]：[color=0000cd]商店购买 “机枪香蒲”[/color]\n\n韧性：[color=cc241d]300[/color]\n威力：[color=cc241d]20x6/2s[/color]\n范围：[color=cc241d]全屏追踪[/color]\n特性：[color=C71585]两栖植物，紫卡植物[/color]\n特点：[color=cc241d]攻击可以追踪空中僵尸[/color]\n紫卡植物：[color=0000FF]需要种植在豌豆香蒲上[/color],,
TOWERDEFENSE_PLANT_GATLINGCAT_HANDBOOK_STORY,“军用头盔？早扔了。戴夫说现在这招叫'战术萌化'——显然我的射速快了20%，这还真有用。”,,

TOWERDEFENSE_PLANT_THREECACTUS_NAME,三叶仙人掌,ThreeCactus,ThreeCactus
TOWERDEFENSE_PLANT_THREECACTUS_EXPRESTION,快速发射三枚尖刺，吹起微风阻碍僵尸前进！,,
TOWERDEFENSE_PLANT_THREECACTUS_HANDBOOK_EXPRESTION,[color=FF0000]获取方式[/color]：[color=0000cd]商店购买 “三叶仙人掌”[/color]\n\n韧性：[color=cc241d]300[/color]\n威力：[color=cc241d]20x3/1.5s[/color]\n范围：[color=cc241d]前方一行[/color]\n特性：[color=C71585]紫卡植物[/color]\n特点：[color=cc241d]攻击时会将本行所有小体型僵尸向后稍微击退（对空中僵尸击退幅度更大）\n会优先跳起来攻击空中僵尸[/color]\n紫卡植物：[color=0000FF]需要种植在双发仙人掌上[/color],,
TOWERDEFENSE_PLANT_THREECACTUS_HANDBOOK_STORY,三叶仙人掌喜欢细水长流，在他看来团队合作才是王道，再小的风聚在一起也足够吹退来袭的僵尸。只是他还要提防仙人三叶草的嘀咕。,,

TOWERDEFENSE_PLANT_GATLINGPOT_NAME,机枪花盆,Gatlingpot,Gatlingpot
TOWERDEFENSE_PLANT_GATLINGPOT_EXPRESTION,机枪花盆能一次发射四颗豌豆！,,
TOWERDEFENSE_PLANT_GATLINGPOT_HANDBOOK_EXPRESTION,[color=FF0000]获取方式[/color]：\n[color=0000cd]通关挑战模式 “狂野机枪射手-挑战3”[/color]\n\n韧性：[color=cc241d]300[/color]\n威力：[color=cc241d]20*4/1.5s[/color]\n范围：[color=cc241d]前方一行[/color]\n特性：[color=C71585]可在裸地上承载植物、紫卡植物[/color]\n紫卡植物：[color=0000FF]需要种植在任意花盆上[/color],,
TOWERDEFENSE_PLANT_GATLINGPOT_HANDBOOK_STORY,机枪花盆曾经只是个普通的花盆，直到某一天他获得了这套机枪装扮。“这是抽到的，单抽出奇迹！”他如此吹嘘道，而大家要不是看见商城里打九折的装扮，可能就信了。,,

TOWERDEFENSE_PLANT_PUMPKINFIREICE_NAME,冰焰南瓜壳,Ice Flame Pumpkin Head,Ice Flame Pumpkin Head
TOWERDEFENSE_PLANT_PUMPKINFIREICE_EXPRESTION,冰焰南瓜壳是火焰南瓜壳的远房表哥。,,
TOWERDEFENSE_PLANT_PUMPKINFIREICE_HANDBOOK_EXPRESTION,[color=FF0000]获取方式[/color]：[color=0000cd]商店购买 “冰焰南瓜壳”[/color]\n\n韧性：[color=cc241d]4000[/color]\n灼烧：[color=cc241d]40/1.5s（冰焰伤害）[/color]\n范围：[color=cc241d]自身周围一格[/color]\n特性：[color=C71585]保护植物、紫卡植物、本格植物免疫减速与冻结[/color]\n特点：[color=cc241d]\n①灼烧靠近的僵尸，并使其减速\n②点燃豌豆、冰豆、火球为冰焰豌豆，冰焰豌豆不会抵消减速和冻结效果[/color]\n紫卡植物：[color=0000FF]需要种植在火焰南瓜壳上[/color],,
TOWERDEFENSE_PLANT_PUMPKINFIREICE_HANDBOOK_STORY,冰焰南瓜壳虽然外表冷酷，但是却有一颗火热的心。,,

TOWERDEFENSE_PLANT_HYPNOPATCH_NAME,魅惑菇丛,HypnoPatch Shroom,HypnoPatch Shroom
TOWERDEFENSE_PLANT_HYPNOPATCH_EXPRESTION,原版魅惑菇的聚落形态！可以记录啃咬它们的僵尸，并召唤出来为你作战。,,
TOWERDEFENSE_PLANT_HYPNOPATCH_HANDBOOK_EXPRESTION,[color=FF0000]获取方式[/color]：[color=0000cd]商店购买 “魅惑菇丛”[/color]\n\n韧性：[color=cc241d]300[/color]\n特性：[color=C71585]白天会睡觉[/color]\n特点：\n[color=cc241d]①苏醒状态下可以魅惑最多三只啃食它的僵尸\n②成功魅惑一只僵尸后，开始每隔30秒召唤一只魅惑僵尸，召唤的僵尸种类为自身魅惑过的僵尸中血量最高的种类[/color]\n紫卡植物：[color=0000FF]需要种植在魅惑菇上[/color],,
TOWERDEFENSE_PLANT_HYPNOPATCH_HANDBOOK_STORY,作为魅惑赛道的明星选手，魅惑菇丛面对僵尸的拥趸总是来者不拒。她常常会向其他蘑菇炫耀自己的“粉丝”，以此彰显自己的魅力，不过那些没头脑的家伙终究还是离她远去了。,,

TOWERDEFENSE_PLANT_SUNFLOWERPEA_NAME,豌豆向日葵,SunflowerPea,SunflowerPea
TOWERDEFENSE_PLANT_SUNFLOWERPEA_EXPRESTION,攻产兼备的植物，梦开始的地方！,,
TOWERDEFENSE_PLANT_SUNFLOWERPEA_HANDBOOK_EXPRESTION,韧性：[color=cc241d]300[/color]\n生产：[color=cc241d]25阳光/25秒[/color]\n威力：[color=cc241d]20/1.5s[/color]\n范围：[color=cc241d]前方一行[/color],,
TOWERDEFENSE_PLANT_SUNFLOWERPEA_HANDBOOK_STORY,杂交植物们来自于和双子向日葵所诞生的同一个实验室。“但这不代表我们就是兄弟了，”双子向日葵说，“他们的诞生简直就是一场恐怖的悲剧！”,,
TOWERDEFENSE_PLANT_SUNFLOWERPEA_CUSTOM_1_NAME,天使与恶魔,,
TOWERDEFENSE_PLANT_SUNFLOWERPEA_CUSTOM_1_ACCESS,每日挑战 2025/6月 累计完成4天,,
TOWERDEFENSE_PLANT_SUNFLOWERPEA_CUSTOM_1_STORY,天使与恶魔并不一定针锋相对，有时他们也会并肩而行。,,

TOWERDEFENSE_PLANT_FIRENUT_NAME,火炬坚果,FireNut,FireNut
TOWERDEFENSE_PLANT_FIRENUT_EXPRESTION,防守整活两不误！,,
TOWERDEFENSE_PLANT_FIRENUT_HANDBOOK_EXPRESTION,[color=FF0000]获取方式[/color]：[color=0000cd]通关冒险模式 1-1[/color]\n\n韧性：[color=cc241d]4000[/color]\n火焰豌豆：[color=cc241d]40（25%单格溅射火焰伤害）[/color]\n反伤：[color=cc241d]40/1.5s（火焰伤害）[/color]\n特点：[color=cc241d]点燃豌豆为火焰豌豆，火焰豌豆会抵消减速和冻结效果[/color],,
TOWERDEFENSE_PLANT_FIRENUT_HANDBOOK_STORY,坚果热爱烟火，对他而言，各类烟火百玩不厌。“一提到烟花，我便脑袋发热，连身体也变得燥热起来！”也许发热的不只是脑袋——看来他并没有意识到坚果壳属于易燃物。,,
TOWERDEFENSE_PLANT_FIRENUT_CUSTOM_1_NAME,炎头队长,,
TOWERDEFENSE_PLANT_FIRENUT_CUSTOM_1_ACCESS,每日挑战 2025/7月 累计完成7天,,
TOWERDEFENSE_PLANT_FIRENUT_CUSTOM_1_STORY,“宇宙超人，睁开眼睛——”,,

TOWERDEFENSE_PLANT_SUNBOMB_NAME,阳光炸弹,SunBomb,SunBomb
TOWERDEFENSE_PLANT_SUNBOMB_EXPRESTION,能将僵尸转化为阳光！,,
TOWERDEFENSE_PLANT_SUNBOMB_HANDBOOK_EXPRESTION,[color=FF0000]获取方式[/color]：[color=0000cd]通关冒险模式 1-2[/color]\n\n韧性：[color=cc241d]300[/color]\n威力：[color=cc241d]1800[/color]\n范围：[color=cc241d]自身为中心周围1.5格的圆[/color]\n特点：[color=cc241d]被炸死的僵尸变为25阳光[/color]\n,,
TOWERDEFENSE_PLANT_SUNBOMB_HANDBOOK_STORY,在是否要从僵尸身上获取阳光的问题上，阳光炸弹和向日葵有过激烈的争执，但是这并不妨碍她在每周四的下午准时参加阳光爱好者俱乐部。,,
TOWERDEFENSE_PLANT_SUNBOMB_CUSTOM_1_NAME,活力双子,,
TOWERDEFENSE_PLANT_SUNBOMB_CUSTOM_1_ACCESS,每日挑战 2025/7月 累计完成14天,,
TOWERDEFENSE_PLANT_SUNBOMB_CUSTOM_1_STORY,“准备好了吗？接下来我们要让气氛轰到爆！”,,

TOWERDEFENSE_PLANT_SUNMINE_NAME,阳光土豆雷,SunMine,SunMine
TOWERDEFENSE_PLANT_SUNMINE_EXPRESTION,爆炸时提供阳光的免费地雷，需要一点时间来武装自己。,,
TOWERDEFENSE_PLANT_SUNMINE_HANDBOOK_EXPRESTION,[color=FF0000]获取方式[/color]：[color=0000cd]通关冒险模式 1-3[/color]\n\n韧性：[color=cc241d]300[/color]\n威力：[color=cc241d]1800[/color]\n范围：[color=cc241d]单格[/color]\n特点：[color=cc241d]单独使用，需要15秒准备时间，爆炸后获得50阳光[/color],,
TOWERDEFENSE_PLANT_SUNMINE_HANDBOOK_STORY,从僵尸身上获取阳光，不只是阳光炸弹的想法，阳光土豆雷亦有。“我们之间不存在抄袭关系——事实上，阳光俱乐部是我开创的，她是我的成员。”阳光土豆雷如是说道。,,
TOWERDEFENSE_PLANT_SUNMINE_CUSTOM_1_NAME,地雷龟,,
TOWERDEFENSE_PLANT_SUNMINE_CUSTOM_1_ACCESS,每日挑战 2025/7月 累计完成21天,,
TOWERDEFENSE_PLANT_SUNMINE_CUSTOM_1_STORY,暗中观察.jpg,,

TOWERDEFENSE_PLANT_RECACTUS_NAME,双发仙人掌,ReCactus,ReCactus
TOWERDEFENSE_PLANT_RECACTUS_EXPRESTION,双发仙人掌可以一次发射两枚穿透尖刺。,,
TOWERDEFENSE_PLANT_RECACTUS_HANDBOOK_EXPRESTION,[color=FF0000]获取方式[/color]：[color=0000cd]通关冒险模式 1-5[/color]\n\n韧性：[color=cc241d]300[/color]\n威力：[color=cc241d]20×2/1.5s[/color]\n范围：[color=cc241d]前方一行[/color]\n特点1：[color=cc241d]子弹最多穿透3个僵尸，无视二类防具[/color]\n特点2：[color=cc241d]当有空中僵尸时，优先跳起来攻击空中僵尸[/color],,
TOWERDEFENSE_PLANT_RECACTUS_HANDBOOK_STORY,仙人掌热爱拥抱，可她的外表连铠甲鼠都趋之若鹜。“不管人们如何议论，总之我爱她”双发射手说道，“这是我和她的爱情结晶。”,,
TOWERDEFENSE_PLANT_RECACTUS_CUSTOM_1_NAME,西部警长,,
TOWERDEFENSE_PLANT_RECACTUS_CUSTOM_1_ACCESS,每日挑战 2025/7月 累计完成28天,,
TOWERDEFENSE_PLANT_RECACTUS_CUSTOM_1_STORY,“前面的僵尸，你已经在我的通缉令上了！”,,

TOWERDEFENSE_PLANT_SUNSHROOM_NAME,阳光向日葵,SunShroom,SunShroom
TOWERDEFENSE_PLANT_SUNSHROOM_EXPRESTION,会长大的向日葵，阳光产量No.2！,,
TOWERDEFENSE_PLANT_SUNSHROOM_HANDBOOK_EXPRESTION,[color=FF0000]获取方式[/color]：[color=0000cd]通关冒险模式 1-6[/color]\n\n韧性：[color=cc241d]300[/color]\n生产：[color=cc241d]25阳光/25秒，长大后变为50阳光/25秒[/color]\n特点：[color=cc241d]需要60秒时间成长[/color],,
TOWERDEFENSE_PLANT_SUNSHROOM_HANDBOOK_STORY,绚丽的帽子给了向日葵更高的颜值，在植物走秀界和服装界一炮走红。当然，他也要回归本质，给植物提供阳光，让他们作战。阳光向日葵这么想着，完全没有听到他身后的植物说：“你挡我们视线了，走开啦！”,,
TOWERDEFENSE_PLANT_SUNSHROOM_CUSTOM_1_NAME,小红帽,,
TOWERDEFENSE_PLANT_SUNSHROOM_CUSTOM_1_ACCESS,0.2版本更新奖励,,
TOWERDEFENSE_PLANT_SUNSHROOM_CUSTOM_1_STORY,“我独自走在~郊外的小路上~”,,
TOWERDEFENSE_PLANT_SUNSHROOM_CUSTOM_2_NAME,夏日时光,,
TOWERDEFENSE_PLANT_SUNSHROOM_CUSTOM_2_ACCESS,商店购买（价格5000）,,
TOWERDEFENSE_PLANT_SUNSHROOM_CUSTOM_2_STORY,撑起遮阳伞，草坪上的向日葵陪你一起度过炎热的盛夏～,,

TOWERDEFENSE_PLANT_CACTUSBLOVER_NAME,仙人三叶草,CactusBlover,CactusBlover
TOWERDEFENSE_PLANT_CACTUSBLOVER_EXPRESTION,万箭齐发！,,
TOWERDEFENSE_PLANT_CACTUSBLOVER_HANDBOOK_EXPRESTION,[color=FF0000]获取方式[/color]：[color=0000cd]通关冒险模式 1-7[/color]\n\n韧性：[color=cc241d]300[/color]\n威力：[color=cc241d]20×20/行[/color]\n范围：[color=cc241d]全场各行[/color]\n特性：[color=C71585]吹退僵尸[/color]\n特点：[color=cc241d]吹退全屏僵尸0.5格（大型僵尸，巨人，车除外），吹走空中小型僵尸（如气球僵尸和多彩气球）和浓雾，并在每行释放20枚尖刺。[/color],,
TOWERDEFENSE_PLANT_CACTUSBLOVER_HANDBOOK_STORY,仙人三叶草喜欢速战速决，尽管吹出一大堆尖刺容易让他肌肉疲劳，但他依然乐此不疲。只是他还要提防三叶仙人掌的碎碎念。,,

TOWERDEFENSE_PLANT_MAGNETNUT_NAME,磁力坚果,MagnetNut,MagnetNut
TOWERDEFENSE_PLANT_MAGNETNUT_EXPRESTION,磁力坚果可以吸走僵尸携带的金属制品。,,
TOWERDEFENSE_PLANT_MAGNETNUT_HANDBOOK_EXPRESTION,[color=FF0000]获取方式[/color]：[color=0000cd]通关冒险模式 1-8[/color]\n\n韧性：[color=cc241d]4000[/color]\n特性：[color=C71585]吸取铁器[/color]\n特点：[color=cc241d]吸取自身为中心周围5*5范围最靠近的一个铁器，但需要15秒消除它[/color],,
TOWERDEFENSE_PLANT_MAGNETNUT_HANDBOOK_STORY,“物理学家争论的焦点从来不在于为什么一个坚果能产生金属作用力，”磁力坚果说道，“其实在哲学层面就很好解释了，我思故我在。”磁力坚果坚信自己读完王阳明心学会更有所收获。,,

TOWERDEFENSE_PLANT_PUFFPOT_NAME,小盆菇,PuffPot,PuffPot
TOWERDEFENSE_PLANT_PUFFPOT_EXPRESTION,免费的蘑菇，免费的花盆。,,
TOWERDEFENSE_PLANT_PUFFPOT_HANDBOOK_EXPRESTION,[color=FF0000]获取方式[/color]：[color=0000cd]通关冒险模式 1-10[/color]\n\n韧性：[color=cc241d]300[/color]\n威力：[color=cc241d]20/1.5s[/color]\n范围：[color=cc241d]前方三格[/color]\n特性：[color=C71585]白天会睡觉、可在裸地上承载植物[/color],,
TOWERDEFENSE_PLANT_PUFFPOT_HANDBOOK_STORY,小盆菇因为不想做蘑菇家族里最底层的那个，于是在头上放了一个花盆。“在这个花盆种上高的植物，我就能让植物对我毕恭毕敬了！”\n（这不是狐假虎威吗…）大喷菇想着。,,
TOWERDEFENSE_PLANT_PUFFPOT_CUSTOM_1_NAME,青花瓷,,
TOWERDEFENSE_PLANT_PUFFPOT_CUSTOM_1_ACCESS,每日挑战 2025/8月 累计完成7天,,
TOWERDEFENSE_PLANT_PUFFPOT_CUSTOM_1_STORY,天青色等烟雨，而我在等你~,,

TOWERDEFENSE_PLANT_PEAPOT_NAME,豌豆花盆,PeaPot,PeaPot
TOWERDEFENSE_PLANT_PEAPOT_EXPRESTION,豌豆花盆是你的一道花盆防线！,,
TOWERDEFENSE_PLANT_PEAPOT_HANDBOOK_EXPRESTION,[color=FF0000]获取方式[/color]：[color=0000cd]通关冒险模式 1-11[/color]\n\n韧性：[color=cc241d]300[/color]\n威力：[color=cc241d]20/3s[/color]\n范围：[color=cc241d]前方一行[/color]\n特性：[color=C71585]可在裸地上承载植物[/color],,
TOWERDEFENSE_PLANT_PEAPOT_HANDBOOK_STORY,“我是个花盆，但我也是一株豌豆，是不是很意外？”,,

TOWERDEFENSE_PLANT_CATPOT_NAME,猫砂盆,CatPot,CatPot
TOWERDEFENSE_PLANT_CATPOT_EXPRESTION,这可不是给猫尾草用的？,,
TOWERDEFENSE_PLANT_CATPOT_HANDBOOK_EXPRESTION,[color=FF0000]获取方式[/color]：[color=0000cd]通关冒险模式 1-12[/color]\n\n韧性：[color=cc241d]300[/color]\n伤害：[color=cc241d]20×2/1.5s[/color]\n范围：[color=cc241d]全屏追踪[/color]\n特性：[color=C71585]可在裸地上承载植物[/color]\n特点：[color=cc241d]发射的追踪尖刺会无视二类防具[/color],,
TOWERDEFENSE_PLANT_CATPOT_HANDBOOK_STORY,“你也许不知道，”猫尾草说，“我的尾巴才是本体。”她摘掉帽子，里面是空的。于是戴夫往里面填上了土。“叫猫盆就得了，谁再叫猫砂盆我就跟谁急！”,,
TOWERDEFENSE_PLANT_CATPOT_CUSTOM_1_NAME,招财进宝,,
TOWERDEFENSE_PLANT_CATPOT_CUSTOM_1_ACCESS,商店购买（价格8000）,,
TOWERDEFENSE_PLANT_CATPOT_CUSTOM_1_STORY,既是招财猫也是聚宝盆，一盆两用，超“植”选择,,

TOWERDEFENSE_PLANT_CORNTROP_NAME,玉米地刺,Corntrop,Corntrop
TOWERDEFENSE_PLANT_CORNTROP_EXPRESTION,爆胎与黄油玉米的艺术。,,
TOWERDEFENSE_PLANT_CORNTROP_HANDBOOK_EXPRESTION,[color=FF0000]获取方式[/color]：[color=0000cd]通关冒险模式 1-13[/color]\n\n韧性：[color=cc241d]300[/color]\n威力：[color=cc241d]20/1.5s + 20~40*4/1.5s[/color]\n范围：[color=cc241d]自身所在格[/color]\n特性：[color=C71585]爆胎车辆[/color]\n特点：[color=cc241d]对经过的僵尸造成伤害的同时，向上随机位置发射共计4枚玉米粒，有15%概率改为发射4枚黄油。[/color],,
TOWERDEFENSE_PLANT_CORNTROP_HANDBOOK_STORY,戴夫打翻了一罐黄油玉米粒，不小心洒在了地刺上，于是罐头改变了地刺的颜色和尖刺。尽管他现在看起来像一块玉米挞，但僵尸再也不能“脚滑”地轻易通过了。,,

TOWERDEFENSE_PLANT_SUNBEAN_NAME,阳光豆,SunBean,SunBean
TOWERDEFENSE_PLANT_SUNBEAN_EXPRESTION,阳光豆，不占位置的阳光作物，还会长大！,,
TOWERDEFENSE_PLANT_SUNBEAN_HANDBOOK_EXPRESTION,[color=FF0000]获取方式[/color]：[color=0000cd]通关冒险模式 1-14[/color]\n\n韧性：[color=cc241d]300[/color]\n生产：[color=cc241d]15阳光/25秒，长大后变为25阳光/25秒[/color]\n特性：[color=C71585]悬浮植物、唤醒本格植物[/color]\n特点：[color=cc241d]需要60秒时间成长[/color],,
TOWERDEFENSE_PLANT_SUNBEAN_HANDBOOK_STORY,阳光豆是坚定的清洁能源支持者。“也许你会想说，太阳能本身不就是清洁能源吗？”阳光豆说，“但这不是重点！重点在于利用率，我们致力于覆盖每一寸可利用的草坪！”,,
TOWERDEFENSE_PLANT_SUNBEAN_CUSTOM_1_NAME,小蜜蜂,,
TOWERDEFENSE_PLANT_SUNBEAN_CUSTOM_1_ACCESS,每日挑战 2025/12月 累计完成21天,,
TOWERDEFENSE_PLANT_SUNBEAN_CUSTOM_1_STORY,左飞飞，右飞飞，辛勤采蜜花丛中~,,

TOWERDEFENSE_PLANT_HYPNOGARLIC_NAME,魅惑大蒜,HypnoGarlic,HypnoGarlic
TOWERDEFENSE_PLANT_HYPNOGARLIC_EXPRESTION,魅惑大蒜可以让僵尸改变前进的路线并将其魅惑。,,
TOWERDEFENSE_PLANT_HYPNOGARLIC_HANDBOOK_EXPRESTION,[color=FF0000]获取方式[/color]：[color=0000cd]通关冒险模式 1-15[/color]\n\n韧性：[color=cc241d]150[/color]\n特性：[color=C71585]低矮植物、大蒜[/color]\n特点：[color=cc241d]啃咬它的非特殊僵尸会被魅惑+换行[/color],,
TOWERDEFENSE_PLANT_HYPNOGARLIC_HANDBOOK_STORY,大蒜原本是一家油漆厂的工人，只有这里才可以掩盖住他的气味——某一天有个笨手笨脚的家伙打翻了油漆，这使得他失去工作，并且变得五颜六色起来。,,

TOWERDEFENSE_PLANT_GRAVEMINE_NAME,墓碑埋雷者,GraveMine,GraveMine
TOWERDEFENSE_PLANT_GRAVEMINE_EXPRESTION,吞噬墓碑，留下一枚已准备好的阳光土豆雷。,,
TOWERDEFENSE_PLANT_GRAVEMINE_HANDBOOK_EXPRESTION,[color=FF0000]获取方式[/color]：[color=0000cd]通关冒险模式 2-1[/color]\n\n韧性：[color=cc241d]300[/color]\n威力：[color=cc241d]1800（阳光土豆雷）[/color]\n范围：[color=cc241d]自身所在格[/color]\n特性：[color=C71585]吞噬墓碑[/color]\n特点：[color=cc241d]种在墓碑上吞噬墓碑，并在吞噬完后产生一个阳光土豆雷[/color],,
TOWERDEFENSE_PLANT_GRAVEMINE_HANDBOOK_STORY,“每次都是这样，为什么要让我来打扫杂草。”\n“不如你每次都带上我吧，这样就不需要再打扫一遍那个地方了。”土豆地雷对墓碑吞噬者说道。,,
TOWERDEFENSE_PLANT_GRAVEMINE_CUSTOM_1_NAME,施工现场,,
TOWERDEFENSE_PLANT_GRAVEMINE_CUSTOM_1_ACCESS,每日挑战 2025/8月 累计完成14天,,
TOWERDEFENSE_PLANT_GRAVEMINE_CUSTOM_1_STORY,【前方施工，请绕行！】,,

TOWERDEFENSE_PLANT_SCAREDYSUNSHROOM_NAME,阳光胆小菇,ScaredySunShroom,ScaredySunShroom
TOWERDEFENSE_PLANT_SCAREDYSUNSHROOM_EXPRESTION,阳光下成长——但还是胆小。,,
TOWERDEFENSE_PLANT_SCAREDYSUNSHROOM_HANDBOOK_EXPRESTION,[color=FF0000]获取方式[/color]：[color=0000cd]通关冒险模式 2-2[/color]\n\n韧性：[color=cc241d]300[/color]\n生产：[color=cc241d]15阳光/25秒，长大后变为25阳光/25秒[/color]\n威力：[color=cc241d]20/1.5s，长大后40/1.5s[/color]\n范围：[color=cc241d]前方整行[/color]\n特性：[color=C71585]白天会睡觉[/color]\n特点：[color=cc241d]①需要60秒时间成长\n②3*3范围内有僵尸时，会蹲下无法攻击，但仍会生产阳光[/color],,
TOWERDEFENSE_PLANT_SCAREDYSUNSHROOM_HANDBOOK_STORY,因为害怕黑暗而让自己的脑袋发光，殊不知僵尸也被吸引过来了。,,
TOWERDEFENSE_PLANT_SCAREDYSUNSHROOM_CUSTOM_1_NAME,秘制汉堡,,
TOWERDEFENSE_PLANT_SCAREDYSUNSHROOM_CUSTOM_1_ACCESS,每日挑战 2025/8月 累计完成21天,,
TOWERDEFENSE_PLANT_SCAREDYSUNSHROOM_CUSTOM_1_STORY,胆小菇试图伪装成其他东西，但这套装扮在僵尸眼中似乎更美味了…,,

TOWERDEFENSE_PLANT_ICENUT_NAME,冰冻坚果,Icenut,Icenut
TOWERDEFENSE_PLANT_ICENUT_EXPRESTION,发射冰弹攻击僵尸，被啃碎后冻结附近的僵尸。,,
TOWERDEFENSE_PLANT_ICENUT_HANDBOOK_EXPRESTION,[color=FF0000]获取方式[/color]：[color=0000cd]通关冒险模式 2-3[/color]\n\n韧性：[color=cc241d]4000[/color]\n威力：[color=cc241d]20×2/1.5s[/color]\n反伤：[color=cc241d]20/次[/color]\n范围：[color=cc241d]前方一行[/color]\n特点：[color=cc241d]每次发射2枚寒冰豌豆，对命中的僵尸造成15秒减速（不可叠加）[/color]\n亡语：[color=cc241d]冻结3×3范围内的僵尸8秒[/color],,
TOWERDEFENSE_PLANT_ICENUT_HANDBOOK_STORY,坚果从冰箱出来后，赶紧多穿了几件衣服。但让他没想到的是：衣服也被冻住了……,,
TOWERDEFENSE_PLANT_ICENUT_CUSTOM_1_NAME,战神之子,,
TOWERDEFENSE_PLANT_ICENUT_CUSTOM_1_ACCESS,每日挑战 2025/8月 累计完成28天,,
TOWERDEFENSE_PLANT_ICENUT_CUSTOM_1_STORY,他坚信自己有朝一日会成长，变得更加强大可靠。,,

TOWERDEFENSE_PLANT_SNOWSHROOM_NAME,雪花寒冰菇,Snow Shroom,Snow Shroom
TOWERDEFENSE_PLANT_SNOWSHROOM_EXPRESTION,雪花飘飘，北风啸啸！,,
TOWERDEFENSE_PLANT_SNOWSHROOM_HANDBOOK_EXPRESTION,[color=FF0000]获取方式[/color]：[color=0000cd]通关冒险模式 2-5[/color]\n\n韧性：[color=cc241d]300[/color]\n威力：[color=cc241d]50/颗[/color]\n范围：[color=cc241d]全屏[/color]\n特性：[color=C71585]清除火球、白天会睡觉[/color]\n特点：[color=cc241d]①自身不被索敌，在场时随机位置每秒天降50颗寒冰豌豆，持续8秒；\n②消失时释放寒冰菇效果（无法由铲子触发）[/color],,
TOWERDEFENSE_PLANT_SNOWSHROOM_HANDBOOK_STORY,“冬天来了，春天还会远吗？”雪花寒冰菇渴望春天的到来，身为寒带地区的植物，他一年大部分时间里都生活在冰雪世界。也许他并不喜欢寒冷，因为他总会在一年中最温暖的时候拉上自己的好友出去钓鱼。其实他还是寒冰射手的启蒙老师。,,
TOWERDEFENSE_PLANT_SNOWSHROOM_CUSTOM_1_NAME,寒霜剑客,,
TOWERDEFENSE_PLANT_SNOWSHROOM_CUSTOM_1_ACCESS,商店购买（价格8000）,,
TOWERDEFENSE_PLANT_SNOWSHROOM_CUSTOM_1_STORY,特效：[color=cc241d]装扮该皮肤后，雪花寒冰菇召唤的冰弹替换为小型冰剑（仅外观变化，实际伤害和性质不变）[/color]\n雪域孤影，冰扇凝锋。,,

TOWERDEFENSE_PLANT_WINTERMELONSHROOM_NAME,冰瓜大喷菇,WinterMelon Mushroom,WinterMelon Mushroom
TOWERDEFENSE_PLANT_WINTERMELONSHROOM_EXPRESTION,冰瓜大喷菇喷出的气液可以穿透铁丝网门，同时发射一枚冰瓜。,,
TOWERDEFENSE_PLANT_WINTERMELONSHROOM_HANDBOOK_EXPRESTION,[color=FF0000]获取方式[/color]：[color=0000cd]通关冒险模式 2-6[/color]\n\n韧性：[color=cc241d]300[/color]\n威力：[color=cc241d]（20+80）/2s[/color]\n范围：[color=cc241d]前方六格[/color]\n特性：[color=C71585]白天会睡觉[/color]\n特点：[color=cc241d]①寒冰孢子对范围内所有僵尸造成伤害，附带15秒减速；\n②冰瓜具备1×3范围20%溅射伤害，附带15秒减速[/color],,
TOWERDEFENSE_PLANT_WINTERMELONSHROOM_HANDBOOK_STORY,这个冰瓜条纹的帽子让大喷菇一下变成了蘑菇家族里最特殊的一个，每个蘑菇都在惊讶他的伞盖就像冬天的凉意，给了他们与众不同的感觉…哦不，他要打喷嚏了，大家快躲开，躲开！,,
TOWERDEFENSE_PLANT_WINTERMELONSHROOM_CUSTOM_1_NAME,盛夏特饮,,
TOWERDEFENSE_PLANT_WINTERMELONSHROOM_CUSTOM_1_ACCESS,商店购买（价格5000）,,
TOWERDEFENSE_PLANT_WINTERMELONSHROOM_CUSTOM_1_STORY,纯天然冰镇西瓜汁！只要300阳光！,,

TOWERDEFENSE_PLANT_GARGANTUARSHROOM_NAME,红眼菇,Gargantuar Shroom,Gargantuar Shroom
TOWERDEFENSE_PLANT_GARGANTUARSHROOM_EXPRESTION,当僵尸吃下红眼菇后，会变成一个魅惑的红眼巨人。,,
TOWERDEFENSE_PLANT_GARGANTUARSHROOM_HANDBOOK_EXPRESTION,[color=FF0000]获取方式[/color]：[color=0000cd]通关冒险模式 2-7[/color]\n\n韧性：[color=cc241d]300[/color]\n特性：[color=C71585]白天会睡觉[/color]\n特点：[color=cc241d]吃掉它的僵尸会变成魅惑红眼巨人，巨人锤击伤害为1800（单体）[/color],,
TOWERDEFENSE_PLANT_GARGANTUARSHROOM_HANDBOOK_STORY,这株植物是戴夫活捉了一只红眼巨人研究出来的，他的身上早就没有魅惑菇的半点特征了。在僵尸吃掉红眼菇的时候，那巨人的冤魂便会寄生到那个僵尸里为戴夫战斗…“\n你们在干什么？”豌豆射手打开灯。“这只是一个发霉的魅惑菇而已啦！”,,
TOWERDEFENSE_PLANT_GARGANTUARSHROOM_CUSTOM_1_NAME,科学怪人,,
TOWERDEFENSE_PLANT_GARGANTUARSHROOM_CUSTOM_1_ACCESS,商店购买（价格5000）,,
TOWERDEFENSE_PLANT_GARGANTUARSHROOM_CUSTOM_1_STORY,据说这是用好几个红眼菇拼凑成的…好吧，其实只是万圣节风格的装扮：）,,

TOWERDEFENSE_PLANT_MAGNETMINE_NAME,磁力土豆雷,Magnetic Potato Mine,Magnetic Potato Mine
TOWERDEFENSE_PLANT_MAGNETMINE_EXPRESTION,金属制品聚聚爆！,,
TOWERDEFENSE_PLANT_MAGNETMINE_HANDBOOK_EXPRESTION,[color=FF0000]获取方式[/color]：[color=0000cd]通关冒险模式 2-8[/color]\n\n韧性：[color=cc241d]300[/color]\n威力：[color=cc241d]1800[/color]\n范围：[color=cc241d]单格[/color]\n特点：[color=cc241d]①种下后需要5秒准备时间，出土后触碰僵尸会爆炸；\n②若出土后其3×3范围内存在携带金属防具的僵尸，则立即将范围内所有符合条件的僵尸吸引到自身所在格子，随后爆炸[/color],,
TOWERDEFENSE_PLANT_MAGNETMINE_HANDBOOK_STORY,某天晚上，土豆雷梦见自己获得了把僵尸传送到头顶的超能力…\n他将其视为预言并为此努力，现在这副样子只是其中一种尝试。,,
TOWERDEFENSE_PLANT_MAGNETMINE_CUSTOM_1_NAME,传送节点,,
TOWERDEFENSE_PLANT_MAGNETMINE_CUSTOM_1_ACCESS,商店购买（价格5000）,,
TOWERDEFENSE_PLANT_MAGNETMINE_CUSTOM_1_STORY,搭载了未来世界的磁能传送技术…但说到底也就是磁铁而已。,,

TOWERDEFENSE_PLANT_JALASUNSHROOM_NAME,辣椒阳光菇,Chili Sun Mushroom,Chili Sun Mushroom
TOWERDEFENSE_PLANT_JALASUNSHROOM_EXPRESTION,辣椒阳光菇能生产辣椒阳光，并伴随火焰。,,
TOWERDEFENSE_PLANT_JALASUNSHROOM_HANDBOOK_EXPRESTION,[color=FF0000]获取方式[/color]：[color=0000cd]通关冒险模式 2-11[/color]\n\n韧性：[color=cc241d]300[/color]\n生产：[color=cc241d]15~25阳光/25秒（长大前~长大后）[/color]\n威力：[color=cc241d]150，长大后250（均属于火焰伤害）[/color]\n特性：[color=C71585]低矮植物、白天会睡觉[/color]\n特点：[color=cc241d]①需要60秒时间成长；\n②拾取辣椒阳光同时会释放一行的火焰效果[/color],,
TOWERDEFENSE_PLANT_JALASUNSHROOM_HANDBOOK_STORY,辣椒阳光菇患有严重的选择恐惧症，曾经的他每天都在产阳光和打僵尸之间犹豫。“现在我终于学会了两者兼顾——虽然我也不清楚怎么做到的。”,,
TOWERDEFENSE_PLANT_JALASUNSHROOM_CUSTOM_1_NAME,熔岩使魔,,
TOWERDEFENSE_PLANT_JALASUNSHROOM_CUSTOM_1_ACCESS,商店购买（价格8000）,,
TOWERDEFENSE_PLANT_JALASUNSHROOM_CUSTOM_1_STORY,驱使着地狱之火，响应你的召唤而来——,,

TOWERDEFENSE_PLANT_FIRESNOWPEA_NAME,冰火裂荚射手,Ice Fire Splitting Archer,Ice Fire Splitting Archer
TOWERDEFENSE_PLANT_FIRESNOWPEA_EXPRESTION,冰火裂荚射手能向两边同时发射冰豆和火球,,
TOWERDEFENSE_PLANT_FIRESNOWPEA_HANDBOOK_EXPRESTION,[color=FF0000]获取方式[/color]：[color=0000cd]通关冒险模式 2-12[/color]\n\n韧性：[color=cc241d]300[/color]\n威力：[color=cc241d]（20或20×2）/1.5s[/color]\n范围：[color=cc241d]自身所在一整行[/color]\n特点：[color=cc241d]点击该植物可以转换方向[/color],,
TOWERDEFENSE_PLANT_FIRESNOWPEA_HANDBOOK_STORY,“走，去桑拿房！”“不，去冰箱！”冰火裂荚射手每天都在为去哪个房间睡觉而烦恼。\n“不过两个头烤出来的水蒸气确实适合用于桑拿房。”戴夫评价道。,,
TOWERDEFENSE_PLANT_FIRESNOWPEA_CUSTOM_1_NAME,探险双杰,,
TOWERDEFENSE_PLANT_FIRESNOWPEA_CUSTOM_1_ACCESS,商店购买（价格5000）,,
TOWERDEFENSE_PLANT_FIRESNOWPEA_CUSTOM_1_STORY,解谜高手的第一要义：不要混淆冰与火,,

TOWERDEFENSE_PLANT_GLOOMPULT_NAME,忧郁菇投手,Gloompult,Gloompult
TOWERDEFENSE_PLANT_GLOOMPULT_EXPRESTION,忧郁菇变成了投手！,,
TOWERDEFENSE_PLANT_GLOOMPULT_HANDBOOK_EXPRESTION,[color=FF0000]获取方式[/color]：[color=0000cd]通关冒险模式 2-13[/color]\n\n韧性：[color=cc241d]300[/color]\n威力：[color=cc241d]20×4/3s[/color]\n特性：[color=C71585]白天会睡觉[/color]\n特点：[color=cc241d]①投掷忧郁菇子弹，击中僵尸时释放忧郁菇攻击（3×3范围伤害）；\n②当自身3×3范围内有僵尸时，自身每3秒释放一次忧郁菇攻击[/color],,
TOWERDEFENSE_PLANT_GLOOMPULT_HANDBOOK_STORY,忧郁菇得了一种怪病，身后长出了一条尾巴，因此植物们总是把忧郁菇当做投手植物。只有忧郁菇自己知道它是蘑菇类植物，这或许就是忧郁菇抑郁的原因。,,
TOWERDEFENSE_PLANT_GLOOMPULT_CUSTOM_1_NAME,居家睡衣,,
TOWERDEFENSE_PLANT_GLOOMPULT_CUSTOM_1_ACCESS,商店购买（价格5000）,,
TOWERDEFENSE_PLANT_GLOOMPULT_CUSTOM_1_STORY,据说这套睡衣能显著提升夜间睡眠质量…虽然蘑菇晚上不睡觉,,

TOWERDEFENSE_PLANT_ICESUNSHROOM_NAME,寒光菇,Ice Sunshroom,Ice Sunshroom
TOWERDEFENSE_PLANT_ICESUNSHROOM_EXPRESTION,寒光菇可以冻结僵尸，并提供相对应的阳光。,,
TOWERDEFENSE_PLANT_ICESUNSHROOM_HANDBOOK_EXPRESTION,[color=FF0000]获取方式[/color]：[color=0000cd]通关冒险模式 2-14[/color]\n\n韧性：[color=cc241d]300[/color]\n威力：[color=cc241d]20[/color]\n[color=cc241d]白天会睡觉[/color]\n范围：[color=cc241d]全屏[/color]\n特性：[color=C71585]清除火球、白天会睡觉[/color]\n特点：[color=cc241d]一次性植物，释放寒冰菇效果冻结全屏僵尸3秒+减速15秒，且每冻结一个僵尸掉落15阳光[/color],,
TOWERDEFENSE_PLANT_ICESUNSHROOM_HANDBOOK_STORY,寒光菇是一位伟大的科学家，它实现了将僵尸的内能转化为太阳能，但地中海式的发型一直困扰着它。“科研是要付出一些代价的。”它只好这样安慰自己。,,
TOWERDEFENSE_PLANT_ICESUNSHROOM_CUSTOM_1_NAME,日月轮盘,,
TOWERDEFENSE_PLANT_ICESUNSHROOM_CUSTOM_1_ACCESS,每日挑战 2025/11月 累计完成28天,,
TOWERDEFENSE_PLANT_ICESUNSHROOM_CUSTOM_1_STORY,旭日金光耀万里，月轮银辉伴群星。,,

TOWERDEFENSE_PLANT_TABOODOOMSHROOM_NAME,禁忌毁灭菇,Taboo Doomshroom,Taboo Doomshroom
TOWERDEFENSE_PLANT_TABOODOOMSHROOM_EXPRESTION,你想尝试禁忌的力量吗？,,
TOWERDEFENSE_PLANT_TABOODOOMSHROOM_HANDBOOK_EXPRESTION,[color=FF0000]获取方式[/color]：[color=0000cd]通关冒险模式 2-15[/color]\n\n韧性：[color=cc241d]300[/color]\n威力：[color=cc241d]无限大[/color]\n范围：[color=cc241d]以自身为圆心半径约3.5格的圆[/color]\n特点：[color=cc241d]每消灭一个僵尸，僵尸所在格留下一个坑洞[/color],,
TOWERDEFENSE_PLANT_TABOODOOMSHROOM_HANDBOOK_STORY,哪有什么爆炸的无限伤害，禁忌毁灭菇只是趁着烟雾未散尽之时把僵尸拖入地底。“没有人能发现我的魔术。”禁忌毁灭菇洋洋得意的说，只是他忘了把坑埋起来。,,
TOWERDEFENSE_PLANT_TABOODOOMSHROOM_CUSTOM_1_NAME,超新星爆发,,
TOWERDEFENSE_PLANT_TABOODOOMSHROOM_CUSTOM_1_ACCESS,每日挑战 2025/11月 累计完成21天,,
TOWERDEFENSE_PLANT_TABOODOOMSHROOM_CUSTOM_1_STORY,特效：[color=cc241d]\n装扮该皮肤时，禁忌毁灭菇的爆炸特效发生变化\n（仅外观变化，实际伤害和性质不变）[/color]\n\n宣告末日降临的绚烂光芒,,

TOWERDEFENSE_PLANT_PEALILYPAD_NAME,豌豆睡莲,Pea waterlily,Pea waterlily
TOWERDEFENSE_PLANT_PEALILYPAD_EXPRESTION,豌豆睡莲可以承载非水生植物，并发射子弹。,,
TOWERDEFENSE_PLANT_PEALILYPAD_HANDBOOK_EXPRESTION,[color=FF0000]获取方式[/color]：[color=0000cd]通关冒险模式 2-10[/color]\n\n韧性：[color=cc241d]300[/color]\n威力：[color=cc241d]20/3s[/color]\n范围：[color=cc241d]前方一行[/color]\n特性：[color=C71585]可在水上承载植物[/color]\n特点：[color=cc241d]发射的子弹可以攻击潜水状态的僵尸[/color],,
TOWERDEFENSE_PLANT_PEALILYPAD_HANDBOOK_STORY,豌豆睡莲从不抱怨，它也从来不想知道发生了什么事。在它身上种植物，它也不会说什么。难道它有什么惊奇想法或者可怕的秘密？没人知道，豌豆睡莲把这些都埋藏在心底。,,
TOWERDEFENSE_PLANT_PEALILYPAD_CUSTOM_1_NAME,热水袋,,
TOWERDEFENSE_PLANT_PEALILYPAD_CUSTOM_1_ACCESS,每日挑战 2025/9月 累计完成7天,,
TOWERDEFENSE_PLANT_PEALILYPAD_CUSTOM_1_STORY,这下真的变成热水袋了…虽然没有加热功能,,

TOWERDEFENSE_PLANT_PEACAT_NAME,豌豆香蒲,Pea Cat,Pea Cat
TOWERDEFENSE_PLANT_PEACAT_EXPRESTION,猫尾草和豌豆居然也喝醉了！？,,
TOWERDEFENSE_PLANT_PEACAT_HANDBOOK_EXPRESTION,[color=FF0000]获取方式[/color]：[color=0000cd]通关冒险模式 3-1[/color]\n\n韧性：[color=cc241d]300[/color]\n威力：[color=cc241d]20×2/1.5s[/color]\n范围：[color=cc241d]全屏追踪[/color]\n特性：[color=C71585]两栖植物[/color]\n特点：[color=cc241d]攻击可以追踪空中僵尸[/color],,
TOWERDEFENSE_PLANT_PEACAT_HANDBOOK_STORY,“听说大家都喜欢猫娘，于是我勉为其难的穿上了这副装扮。这样，你的老伙计，豌豆射手，也能有更多的出场机会了。”顺便一提，他不喜欢猫尾草送给他的帽子。,,
TOWERDEFENSE_PLANT_PEACAT_CUSTOM_1_NAME,睡衣派对,,
TOWERDEFENSE_PLANT_PEACAT_CUSTOM_1_ACCESS,商店购买（价格5000）,,
TOWERDEFENSE_PLANT_PEACAT_CUSTOM_1_STORY,他还是不太喜欢这顶猫耳睡帽，但看在这套衣服很舒适的份上，还是穿着吧。,,

TOWERDEFENSE_PLANT_SNOWWOOD_NAME,冰炬树桩,Ice Torch Stump,Ice Torch Stump
TOWERDEFENSE_PLANT_SNOWWOOD_EXPRESTION,点燃豌豆、冰豆、火球为具有减速的冰焰豌豆。,,
TOWERDEFENSE_PLANT_SNOWWOOD_HANDBOOK_EXPRESTION,[color=FF0000]获取方式[/color]：[color=0000cd]通关冒险模式 3-2[/color]\n\n韧性：[color=cc241d]300[/color]\n冰焰豌豆：[color=cc241d]40（25%单格溅射伤害）[/color]\n特性：[color=C71585]点燃豌豆为冰焰豌豆[/color]\n特点：[color=cc241d]将经过的豌豆、冰豆、火球点燃为冰焰豌豆，冰焰豌豆不会抵消减速和冻结效果[/color],,
TOWERDEFENSE_PLANT_SNOWWOOD_HANDBOOK_STORY,头冠在火炬树桩家族都是很重要的物品，谁的火冠大，谁的地位就越高。“我曾想通过带一个皇冠来凸现我的火冠的，可惜他们都说我老土。”冰炬树桩说，“现在，有了这个冰冠，我也成了火炬树桩中地位高的那一个了。”\n“这不是寒冰射手的头饰吗…”豌豆射手小声说道。,,
TOWERDEFENSE_PLANT_SNOWWOOD_CUSTOM_1_NAME,冥界深寒,,
TOWERDEFENSE_PLANT_SNOWWOOD_CUSTOM_1_ACCESS,每日挑战 2025/9月 累计完成28天,,
TOWERDEFENSE_PLANT_SNOWWOOD_CUSTOM_1_STORY,常年燃烧着幽灵般冷冽的火焰…,,

TOWERDEFENSE_PLANT_SEANUT_NAME,海坚果,Sea Nut,Sea Nut
TOWERDEFENSE_PLANT_SEANUT_EXPRESTION,海上高坚果，泳池关卡好帮手！,,
TOWERDEFENSE_PLANT_SEANUT_HANDBOOK_EXPRESTION,[color=FF0000]获取方式[/color]：[color=0000cd]通关冒险模式 3-3[/color]\n\n韧性：[color=cc241d]8000[/color]\n威力：[color=cc241d]20/1.5s[/color]\n范围：[color=cc241d]前方一行[/color]\n特性：[color=C71585]只能种在水中、阻挡僵尸跳跃[/color]\n特点：[color=cc241d]每1.5秒对对前方一行的敌人发射一颗孢子[/color],,
TOWERDEFENSE_PLANT_SEANUT_HANDBOOK_STORY,高坚果尝试穿上海蘑菇的装扮下海游泳，可以看出，他高兴的嘴都翘起来了。不过别的高坚果却一脸疑惑…,,
TOWERDEFENSE_PLANT_SEANUT_CUSTOM_1_NAME,假日清凉,,
TOWERDEFENSE_PLANT_SEANUT_CUSTOM_1_ACCESS,每日挑战 2025/9月 累计完成14天,,
TOWERDEFENSE_PLANT_SEANUT_CUSTOM_1_STORY,泳帽、泳圈、泳镜，全套装备享受完美的水上假日~,,

TOWERDEFENSE_PLANT_MELONPULTSPIKE_NAME,地刺西瓜投手,Melon Pult Spike,Melon Pult Spike
TOWERDEFENSE_PLANT_MELONPULTSPIKE_EXPRESTION,攻击概率生成地刺瓜皮，对车宝具！,,
TOWERDEFENSE_PLANT_MELONPULTSPIKE_HANDBOOK_EXPRESTION,[color=FF0000]获取方式[/color]：[color=0000cd]通关冒险模式 3-5[/color]\n\n韧性：[color=cc241d]300[/color]\n威力：[color=cc241d]100/3s[/color]\n范围：[color=cc241d]前方一行[/color]\n特点：[color=cc241d]每次攻击有40%概率在目标格子生成一块地刺瓜皮，每次消灭目标必定生成一块地刺瓜皮[/color]\n\n地刺瓜皮：[color=cc241d][/color]\n威力：[color=cc241d]20/1.5s[/color]\n范围：[color=cc241d]单格[/color]\n特点：[color=cc241d]本体和瓜皮均可爆胎车辆（一次性）\n地刺瓜皮最多存在10秒[/color],,
TOWERDEFENSE_PLANT_MELONPULTSPIKE_HANDBOOK_STORY,据说地刺西瓜投手在汽车维修领域有着独到的见解：“很简单，直接把旧车报废、买辆新的，能解决百分之百的问题。”,,
TOWERDEFENSE_PLANT_MELONPULTSPIKE_CUSTOM_1_NAME,维京时代,,
TOWERDEFENSE_PLANT_MELONPULTSPIKE_CUSTOM_1_ACCESS,每日挑战 2025/9月 累计完成21天,,
TOWERDEFENSE_PLANT_MELONPULTSPIKE_CUSTOM_1_STORY,“又一场接舷战吗？你来搭跳板，我负责砸他们的脑袋！”,,

TOWERDEFENSE_PLANT_TANGLEKELPH_NAME,魅惑海草,Enchanted Seaweed,Enchanted Seaweed
TOWERDEFENSE_PLANT_TANGLEKELPH_EXPRESTION,魅惑海草能够拖僵尸下水，将其魅惑后放出。,,
TOWERDEFENSE_PLANT_TANGLEKELPH_HANDBOOK_EXPRESTION,[color=FF0000]获取方式[/color]：[color=0000cd]通关冒险模式 3-6[/color]\n\n威力：[color=cc241d]即死[/color]\n范围：[color=cc241d]单格[/color]\n特性：[color=C71585]只能种在水中[/color]\n特点：[color=cc241d]能将所有非BOSS类僵尸拖下水并生成一个它的魅惑形态[/color],,
TOWERDEFENSE_PLANT_TANGLEKELPH_HANDBOOK_STORY,水下的海草确实具有迷惑性，溺水者常常觉得它不足以将他们困于水中，但这也造就了悲剧的发生。“我也不想的，但他们只会一直往前游，我可怜他们，就把他们放回去了。”,,

TOWERDEFENSE_PLANT_JALANUT_NAME,火爆坚果,Jalapeno Nut,Jalapeno Nut
TOWERDEFENSE_PLANT_JALANUT_EXPRESTION,那天坚果墙居然也在场！,,
TOWERDEFENSE_PLANT_JALANUT_HANDBOOK_EXPRESTION,[color=FF0000]获取方式[/color]：[color=0000cd]通关冒险模式 3-7[/color]\n\n韧性：[color=cc241d]4000[/color]\n反伤：[color=cc241d]40/1.5s（火焰伤害）[/color]\n特性：[color=C71585]赋予红温、亡语清除冰道与冰球[/color]\n特点：[color=cc241d]使啃咬自己的僵尸每1.5秒受到40点火焰伤害，抵消减速与冻结；并使其暂时进入红温状态，直至结束啃咬[/color]\n亡语：[color=cc241d]释放一次火爆辣椒效果[/color]\n红温状态：[color=cc241d]该状态下的僵尸受到的火焰伤害翻倍[/color],,
TOWERDEFENSE_PLANT_JALANUT_HANDBOOK_STORY,火爆坚果总是把辣椒背在身上，仿佛这是非常宝贵的东西。“这是我珍贵的战友！”火爆坚果这么说，但实际上那只是普通的辣椒。,,

TOWERDEFENSE_PLANT_JALACHERRYBOMB_NAME,樱桃辣椒,Jalapeno CherryBomb ,CherryBomb
TOWERDEFENSE_PLANT_JALACHERRYBOMB_EXPRESTION,樱桃辣椒可以摧毁三条线上的敌人。,,
TOWERDEFENSE_PLANT_JALACHERRYBOMB_HANDBOOK_EXPRESTION,[color=FF0000]获取方式[/color]：[color=0000cd]通关冒险模式 3-8[/color]\n\n韧性：[color=cc241d]300[/color]\n威力：[color=cc241d]1800（每行火焰伤害）[/color]\n范围：[color=cc241d]上中下三行[/color]\n特性：[color=C71585]清除冰道与冰球[/color]\n特点：[color=cc241d]对三行各释放一次火爆辣椒效果，对范围内所有僵尸造成1800火焰伤害，并解除植物与僵尸身上的减速和冻结效果[/color],,
TOWERDEFENSE_PLANT_JALACHERRYBOMB_HANDBOOK_STORY,“我要‘爆’了！”“不，应该是我要‘炸’了！”樱桃炸弹两兄弟在“爆炸”这个词上争论许久——不过火“爆”辣椒的出现平息了这场争论。,,
TOWERDEFENSE_PLANT_JALACHERRYBOMB_CUSTOM_1_NAME,意念合一,,
TOWERDEFENSE_PLANT_JALACHERRYBOMB_CUSTOM_1_ACCESS,每日挑战 2025/11月 累计完成14天,,
TOWERDEFENSE_PLANT_JALACHERRYBOMB_CUSTOM_1_STORY,尽管头饰多了点，但他们合体之后再也不怕走路时互相绊倒对方了。,,

TOWERDEFENSE_PLANT_PLANTERNSIX_NAME,6号路灯花,Sixth streetlight flower,Sixth streetlight flower
TOWERDEFENSE_PLANT_PLANTERNSIX_EXPRESTION,拨开迷雾，范围减速僵尸并造成伤害。,,
TOWERDEFENSE_PLANT_PLANTERNSIX_HANDBOOK_EXPRESTION,[color=FF0000]获取方式[/color]：[color=0000cd]通关冒险模式 3-10[/color]\n\n韧性：[color=cc241d]300[/color]\n威力：[color=cc241d]20/1.5s（光环伤害）[/color]\n光环范围：[color=cc241d]3x3[/color]\n特性：[color=C71585]驱散一定范围的迷雾[/color]\n特点：[color=cc241d]减速并伤害光环范围内的所有僵尸，并驱散大范围的迷雾和透视3x3范围的罐子[/color]\n亡语：[color=cc241d]向六个方向各发射10枚子弹，分别为火球、冰豆、豌豆（对称式发射）[/color],,
TOWERDEFENSE_PLANT_PLANTERNSIX_HANDBOOK_STORY,“6”号路灯花说圣诞节之后是很重要的日子——也就是2“6”日那天——可她忘了缘由，并为此哭红了眼睛。“那是在1893年，他的生日。”智慧树回答道，“正如路灯花一样，他有着火热的内心，并照亮了植物们前行的路。”,,

TOWERDEFENSE_PLANT_SUNPAD_NAME,骄阳睡莲,Poached Pad,Poached Pad
TOWERDEFENSE_PLANT_SUNPAD_EXPRESTION,睡莲多面手，生产阳光、温暖植物、灼烧僵尸！,,
TOWERDEFENSE_PLANT_SUNPAD_HANDBOOK_EXPRESTION,[color=FF0000]获取方式[/color]：[color=0000cd]通关冒险模式 3-11[/color]\n\n生产：[color=cc241d]25阳光/25秒[/color]\n韧性：[color=cc241d]300[/color]\n灼烧：[color=cc241d]40/1.5s（靠近&火焰伤害）[/color]\n范围：[color=cc241d]单格[/color]\n特性：[color=C71585]可在水上承载植物、本格非悬浮类植物免疫减速与冻结[/color]\n特点：[color=cc241d]灼烧靠近的僵尸，并抵消减速和冻结效果[/color],,
TOWERDEFENSE_PLANT_SUNPAD_HANDBOOK_STORY,骄阳睡莲自称“将阳光的力量凝聚于一身”，“我能帮你取暖，并且烧烤来袭的僵尸！”\n但如何平衡热量是个大问题，他经常为了不烫伤植物而调低功率，结果就是连自己附近的泳池水都煮不开。,,
TOWERDEFENSE_PLANT_SUNPAD_CUSTOM_1_NAME,荷包蛋,,
TOWERDEFENSE_PLANT_SUNPAD_CUSTOM_1_ACCESS,商店购买（价格5000）,,
TOWERDEFENSE_PLANT_SUNPAD_CUSTOM_1_STORY,“这造型还能算是植物吗？”\n“当然算，重点在于荷，而不在于蛋。”,,

TOWERDEFENSE_PLANT_PEAWELL_NAME,豌豆许愿池,Pea Wish Pool,Pea Wish Pool
TOWERDEFENSE_PLANT_PEAWELL_EXPRESTION,豌豆许愿池可以不断进行360度全方位攻击。,,
TOWERDEFENSE_PLANT_PEAWELL_HANDBOOK_EXPRESTION,[color=FF0000]获取方式[/color]：[color=0000cd]通关冒险模式 3-12[/color]\n\n韧性：[color=cc241d]2000[/color]\n威力：[color=cc241d]20*36/3s[/color]\n范围：[color=cc241d]360度[/color]\n特性：[color=C71585]两栖植物[/color]\n特点：[color=cc241d]每3秒自动发射一圈共计36颗豌豆（每颗间隔10度）[/color],,
TOWERDEFENSE_PLANT_PEAWELL_HANDBOOK_STORY,“投下一个豌豆，许一次愿望。”这是豌豆许愿池的标语。“喂，不要投别的东西进去！不要投辣椒水啊！”戴夫正在拦住一只火爆辣椒。,,
TOWERDEFENSE_PLANT_PEAWELL_CUSTOM_1_NAME,许愿神灯,,
TOWERDEFENSE_PLANT_PEAWELL_CUSTOM_1_ACCESS,商店购买（价格8000）,,
TOWERDEFENSE_PLANT_PEAWELL_CUSTOM_1_STORY,擦亮神灯，许下三个愿望——\n不，不能许愿要更多愿望。,,

TOWERDEFENSE_PLANT_PUMPKINFIRE_NAME,火焰南瓜壳,Fire Pumpkin,Fire Pumpkin
TOWERDEFENSE_PLANT_PUMPKINFIRE_EXPRESTION,火炬树桩喝了酒，火势一发不可收拾！,,
TOWERDEFENSE_PLANT_PUMPKINFIRE_HANDBOOK_EXPRESTION,[color=FF0000]获取方式[/color]：[color=0000cd]通关冒险模式 3-13[/color]\n\n韧性：[color=cc241d]4000[/color]\n火焰豌豆：[color=cc241d]40（25%单格溅射火焰伤害）[/color]\n灼烧：[color=cc241d]40/1.5s（靠近&火焰伤害）[/color]\n范围：[color=cc241d]自身周围一格[/color]\n特性：[color=C71585]保护植物、本格植物免疫减速与冻结[/color]\n特点：[color=cc241d]\n①灼烧靠近的僵尸，并抵消减速和冻结效果\n②点燃豌豆为火焰豌豆，火焰豌豆会抵消减速和冻结效果[/color],,
TOWERDEFENSE_PLANT_PUMPKINFIRE_HANDBOOK_STORY,火焰南瓜壳最近迷上了恶灵骑士，他准备在万圣节装扮成他的偶像，“我感觉我燃起来了！”火焰南瓜壳说道。其实他不知道，南瓜本身就是万圣节的装饰。,,

TOWERDEFENSE_PLANT_CHOMPERBLOW_NAME,三叶大嘴花,Chomper Blow,Chomper Blow
TOWERDEFENSE_PLANT_CHOMPERBLOW_EXPRESTION,怎么还把吸尘器搬出来了？,,
TOWERDEFENSE_PLANT_CHOMPERBLOW_HANDBOOK_EXPRESTION,[color=FF0000]获取方式[/color]：[color=0000cd]通关冒险模式 3-14[/color]\n\n韧性：[color=cc241d]300[/color]\n威力：[color=cc241d]吞噬（秒杀，仅限小型僵尸）[/color]\n范围：[color=cc241d]前方一行[/color]\n特点：[color=cc241d]当本行前方有可吞噬僵尸时，旋转扇叶将其吸过来吃掉；消化完毕后向前吹风，将前方全部小体型飞行僵尸吹退3格、地面小体型僵尸吹退1格[/color],,
TOWERDEFENSE_PLANT_CHOMPERBLOW_HANDBOOK_STORY,戴夫把三叶草的扇叶装到了大嘴花头上，并宣称自己发明了利用僵尸生物能的风扇。\n对此大嘴花并不在意，反正他只要有东西吃就够了。“快到我嘴里来！”,,

TOWERDEFENSE_PLANT_DOOMTANGLEKELP_NAME,毁灭海草,Doom Tangle Kelp,Doom Tangle Kelp
TOWERDEFENSE_PLANT_DOOMTANGLEKELP_EXPRESTION,毁灭水草可以拉僵尸下水，并释放毁灭菇爆炸。,,
TOWERDEFENSE_PLANT_DOOMTANGLEKELP_HANDBOOK_EXPRESTION,[color=FF0000]获取方式[/color]：[color=0000cd]通关冒险模式 3-15[/color]\n\n韧性：[color=cc241d]300[/color]\n威力：[color=cc241d]即死（拉下水）+ 1800（毁灭菇）[/color]\n范围：[color=cc241d]以自身为圆心半径约3.5格的圆[/color]\n特性：[color=C71585]只能种在水中[/color]\n特点：[color=cc241d]将最靠近的一只僵尸拉下水，然后释放毁灭菇效果：对范围内全部僵尸造成1800灰烬伤害，并留下坑洞[/color],,
TOWERDEFENSE_PLANT_DOOMTANGLEKELP_HANDBOOK_STORY,其实缠绕水草本就是一个毁灭菇，只是他之前不小心跌进水里被水草缠住了。,,

TOWERDEFENSE_PLANT_ICESEASHROOM_NAME,海冰菇,Ice Seashroom,Ice Seashroom
TOWERDEFENSE_PLANT_ICESEASHROOM_EXPRESTION,水生蘑菇，发射减速的短程孢子。,,
TOWERDEFENSE_PLANT_ICESEASHROOM_HANDBOOK_EXPRESTION,[color=FF0000]获取方式[/color]：[color=0000cd]通关冒险模式 4-1[/color]\n\n韧性：[color=cc241d]300[/color]\n威力：[color=cc241d]20/1.5s[/color]\n范围：[color=cc241d]前方三格[/color]\n特性：[color=C71585]只能种在水中、白天会睡觉[/color]\n特点：[color=cc241d]每1.5秒发射寒冰孢子，减速命中的僵尸15秒[/color],,
TOWERDEFENSE_PLANT_ICESEASHROOM_HANDBOOK_STORY,海冰菇一直强调自己与海兵菇的区别，不过其他植物难以听懂它在说什么。“听好了，他叫海兵菇，我叫海冰菇，我们并不一样！”它尽力地解释道。也许是装作听不懂吧——反正各位植物乐于看到海冰菇生气时撅起的小嘴。,,
TOWERDEFENSE_PLANT_ICESEASHROOM_CUSTOM_1_NAME,海洋精灵,,
TOWERDEFENSE_PLANT_ICESEASHROOM_CUSTOM_1_ACCESS,每日挑战 2025/10月 累计完成7天,,
TOWERDEFENSE_PLANT_ICESEASHROOM_CUSTOM_1_STORY,每周三都会在附近的海洋主题公园兼职表演顶球,,

TOWERDEFENSE_PLANT_MAGNETSHROOMICE_NAME,寒冰磁力菇,Frozen Magnet Mushroom,Frozen Magnet Mushroom
TOWERDEFENSE_PLANT_MAGNETSHROOMICE_EXPRESTION,对目标施加寒冷，并将铁器转化为冰球。,,
TOWERDEFENSE_PLANT_MAGNETSHROOMICE_HANDBOOK_EXPRESTION,[color=FF0000]获取方式[/color]：[color=0000cd]通关冒险模式 4-2[/color]\n\n韧性：[color=cc241d]300[/color]\n威力：[color=cc241d]100[/color]\n范围：[color=cc241d]3×3[/color]\n特性：[color=C71585]吸取铁器[/color]\n特点：[color=cc241d]吸取铁器时，对目标为中心3x3范围全部僵尸施加15秒减速，并在消化完毕后，发射一枚全屏追踪冰球冰球命中后对3x3范围全部僵尸造成伤害并冻结3秒+15秒减速若场上无僵尸时，冰球会停留[/color],,
TOWERDEFENSE_PLANT_MAGNETSHROOMICE_HANDBOOK_STORY,寒冰磁力菇试图解释自己能力的原理，“对，我借助电磁波吸收僵尸的热能，然后根据能量守恒…”她的声音越来越小，看来对于物理不及格的她而言，这种耍帅方式还是太勉强了。,,
TOWERDEFENSE_PLANT_MAGNETSHROOMICE_CUSTOM_1_NAME,冰霜术士,,
TOWERDEFENSE_PLANT_MAGNETSHROOMICE_CUSTOM_1_ACCESS,每日挑战 2025/10月 累计完成14天,,
TOWERDEFENSE_PLANT_MAGNETSHROOMICE_CUSTOM_1_STORY,她或许也能使用一些很酷的招式…或者不能？,,

TOWERDEFENSE_PLANT_CORNPULTM_NAME,磁力玉米投手,Magnetic Cornpult,Magnetic Cornpult
TOWERDEFENSE_PLANT_CORNPULTM_EXPRESTION,把消磁的和不稳定的磁铁扔出去！,,
TOWERDEFENSE_PLANT_CORNPULTM_HANDBOOK_EXPRESTION,[color=FF0000]获取方式[/color]：[color=0000cd]通关冒险模式 4-3[/color]\n\n韧性：[color=cc241d]300[/color]\n威力：[color=cc241d]60/3s[/color]\n范围：[color=cc241d]前方一行[/color]\n特点：[color=cc241d]投掷消磁的磁铁攻击僵尸，有25%的概率改为投掷充能磁铁\n充能磁铁命中僵尸后吸取并消除其附近的一个铁器，随后爆炸，造成额外的3×3范围60点伤害[/color],,
TOWERDEFENSE_PLANT_CORNPULTM_HANDBOOK_STORY,“磁吸炸弹投出！”这是磁力玉米投手最喜欢说的一句话。没人愿意跟他争辩为什么他不扔定身效果的子弹了，因为他“投铁”。,,

TOWERDEFENSE_PLANT_WALLNUTABC_NAME,套盒坚果,Nut Box,Nut Box
TOWERDEFENSE_PLANT_WALLNUTABC_EXPRESTION,套盒坚果拥有三层防护。,,
TOWERDEFENSE_PLANT_WALLNUTABC_HANDBOOK_EXPRESTION,[color=FF0000]获取方式[/color]：[color=0000cd]通关冒险模式 4-5[/color]\n\n韧性：[color=cc241d]4000[/color]\n特点：[color=cc241d]套盒坚果与套瓶坚果可以爆胎一次车辆[/color]\n亡语：[color=cc241d]留下一个套瓶坚果[/color]\n套瓶坚果：[color=cc241d]血量2000，亡语：留下一个套杯坚果[/color]\n套杯坚果：[color=cc241d]血量1000，无亡语[/color],,
TOWERDEFENSE_PLANT_WALLNUTABC_HANDBOOK_STORY,坚果迷上了俄罗斯文化，他喜欢上了外套，“一件，再来一件！”不要问我为什么他只买得起两件外套，你应该要问问坚果存钱罐。,,
TOWERDEFENSE_PLANT_WALLNUTABC_CUSTOM_1_NAME,圣诞礼物,,
TOWERDEFENSE_PLANT_WALLNUTABC_CUSTOM_1_ACCESS,每日挑战 2025/10月 累计完成21天,,
TOWERDEFENSE_PLANT_WALLNUTABC_CUSTOM_1_STORY,叮叮当~叮叮当~铃儿响叮当~,,

TOWERDEFENSE_PLANT_SNOWBLOVER_NAME,寒冰三叶草,Frozen Clover,Frozen Clover
TOWERDEFENSE_PLANT_SNOWBLOVER_EXPRESTION,吹退全屏敌人，同时具有减速。,,
TOWERDEFENSE_PLANT_SNOWBLOVER_HANDBOOK_EXPRESTION,[color=FF0000]获取方式[/color]：[color=0000cd]通关冒险模式 4-6[/color]\n\n韧性：[color=cc241d]300[/color]\n威力：[color=cc241d]20×20/行[/color]\n范围：[color=cc241d]全场各行[/color]\n特性：[color=C71585]吹退僵尸[/color]\n特点：[color=cc241d]吹退全屏地面小型僵尸0.5格（车辆除外），吹走空中小型僵尸（如气球僵尸和多彩气球）和浓雾，并在每行释放20枚寒冰豌豆[/color],,
TOWERDEFENSE_PLANT_SNOWBLOVER_HANDBOOK_STORY,“嘿，伙计，来感受风暴吧！”寒冰三叶草的气场席卷了全场。但是又有谁知道，他说的风暴是飓风和冰雹呢。,,
TOWERDEFENSE_PLANT_SNOWBLOVER_CUSTOM_1_NAME,冰晶风暴,,
TOWERDEFENSE_PLANT_SNOWBLOVER_CUSTOM_1_ACCESS,每日挑战 2026/1月 累计完成21天,,
TOWERDEFENSE_PLANT_SNOWBLOVER_CUSTOM_1_STORY,风暴裹挟着冰晶，让胆敢顶风前进的僵尸体会到真正的“透心凉”。,,

TOWERDEFENSE_PLANT_PUMPKINSUN_NAME,阳光南瓜掌,Pumpkin Sun,Pumpkin Sun
TOWERDEFENSE_PLANT_PUMPKINSUN_EXPRESTION,阳光南瓜掌可以生产阳光，发射尖刺，以及保护植物。,,
TOWERDEFENSE_PLANT_PUMPKINSUN_HANDBOOK_EXPRESTION,[color=FF0000]获取方式[/color]：[color=0000cd]通关冒险模式 4-7[/color]\n\n韧性：[color=cc241d]4000[/color]\n生产：[color=cc241d]50/25秒[/color]\n威力：[color=cc241d]20×2/1.5s[/color]\n反伤：[color=cc241d]20×2/1.5s[/color]\n范围：[color=cc241d]前方一行[/color]\n特点：[color=cc241d]\n①尖刺可穿透至多3个敌人\n②可索敌并攻击前方空中僵尸[/color],,
TOWERDEFENSE_PLANT_PUMPKINSUN_HANDBOOK_STORY,作为沙漠中的植物，阳光南瓜掌把光合作用发挥到了极致。这使得他可以给其他植物提供阳光，他也乐在其中，虽然没有植物愿意接近他。,,

TOWERDEFENSE_PLANT_KABBAGETAIL_NAME,玉米卷香蒲,Cornmeal tortilla and cattail,Cornmeal tortilla and cattail
TOWERDEFENSE_PLANT_KABBAGETAIL_EXPRESTION,玉米卷香蒲可以发射两枚追踪的玉米、卷心菜、黄油。,,
TOWERDEFENSE_PLANT_KABBAGETAIL_HANDBOOK_EXPRESTION,[color=FF0000]获取方式[/color]：[color=0000cd]通关冒险模式 4-8[/color]\n\n韧性：[color=cc241d]300[/color]\n威力：[color=cc241d]（20~40）×2/1.5s[/color]\n范围：[color=cc241d]全屏追踪[/color]\n特性：[color=C71585]两栖植物[/color]\n特点：[color=cc241d]每次发射随机的追踪子弹（玉米粒概率60%，卷心菜概率30%，黄油概率10%）[/color],,
TOWERDEFENSE_PLANT_KABBAGETAIL_HANDBOOK_STORY,戴夫实验的意外产物，原本他只是想做个普通的玉米卷的。“我认为我的诞生并不是一场意外，”玉米卷香蒲扶了扶头盔，“我们现在达到了真正的一心同体。”,,
TOWERDEFENSE_PLANT_KABBAGETAIL_CUSTOM_1_NAME,背后守护灵,,
TOWERDEFENSE_PLANT_KABBAGETAIL_CUSTOM_1_ACCESS,每日挑战 2025/10月 累计完成28天,,
TOWERDEFENSE_PLANT_KABBAGETAIL_CUSTOM_1_STORY,Stand-by-Me！！！,,

TOWERDEFENSE_PLANT_SUNPOT_NAME,阳光花盆,Sunflower pot,Sunflower pot
TOWERDEFENSE_PLANT_SUNPOT_EXPRESTION,阳光花盆可以让你在裸地上种植植物，并生产阳光。,,
TOWERDEFENSE_PLANT_SUNPOT_HANDBOOK_EXPRESTION,[color=FF0000]获取方式[/color]：[color=0000cd]通关冒险模式 4-10[/color]\n\n韧性：[color=cc241d]300[/color]\n生产：[color=cc241d]25阳光/25秒[/color]\n特性：[color=C71585]可在裸地上承载植物[/color],,
TOWERDEFENSE_PLANT_SUNPOT_HANDBOOK_STORY,阳光花盆仰面朝天。“别误会，只是因为现在刚好是正午。”她说。希望这种说法到晚上也能掩盖住她落枕的尴尬。,,
TOWERDEFENSE_PLANT_SUNPOT_CUSTOM_1_NAME,金色花环,,
TOWERDEFENSE_PLANT_SUNPOT_CUSTOM_1_ACCESS,每日挑战 2025/12月 累计完成7天,,
TOWERDEFENSE_PLANT_SUNPOT_CUSTOM_1_STORY,金灿灿的花朵，象征着自然与和平。,,

TOWERDEFENSE_PLANT_PLANTERNTANGLEKELP_NAME,缠绕灯草,Tangled kelp plant,Tangled kelp plant
TOWERDEFENSE_PLANT_PLANTERNTANGLEKELP_EXPRESTION,水陆两栖，真伤光环，致命拖拽！,,
TOWERDEFENSE_PLANT_PLANTERNTANGLEKELP_HANDBOOK_EXPRESTION,[color=FF0000]获取方式[/color]：[color=0000cd]通关冒险模式 4-11[/color]\n\n韧性：[color=cc241d]1000[/color]\n威力：[color=cc241d]20/1.5s（剧毒光环）[/color]\n范围：[color=cc241d]自身为中心3×3[/color]\n特性：[color=C71585]两栖植物[/color]\n特点：[color=cc241d]光环伤害为无视防具的毒伤[/color]\n亡语：[color=cc241d]\n将1×3范围内的所有僵尸拖下水（水上亡语）\n将1×3范围内的所有僵尸击退至本行最后一格并眩晕3秒（陆地亡语）[/color],,
TOWERDEFENSE_PLANT_PLANTERNTANGLEKELP_HANDBOOK_STORY,通过拜访一位隐居沼泽森林的精灵，缠绕灯草成功学会了释放光环。\n“啊哈！现在我是海上最亮的仔！”,,

TOWERDEFENSE_PLANT_SEASTAR_NAME,海洋星,Sea Star,Sea Star
TOWERDEFENSE_PLANT_SEASTAR_EXPRESTION,拥有寒冰力量的海洋之星！,,
TOWERDEFENSE_PLANT_SEASTAR_HANDBOOK_EXPRESTION,[color=FF0000]获取方式[/color]：[color=0000cd]通关冒险模式 4-12[/color]\n\n韧性：[color=cc241d]300[/color]\n威力：[color=cc241d]20×（1~5）/2s（每个方向）[/color]\n范围：[color=cc241d]五个角度方向[/color]\n特性：[color=cc241d]两栖植物[/color]\n特点：[color=cc241d]场上每触发一次寒冰菇效果，所有海洋星获得强化：每个方向子弹数量+1，最多为5颗[/color],,
TOWERDEFENSE_PLANT_SEASTAR_HANDBOOK_STORY,海洋星对于“杨桃”的学名感到困扰，他总是强调：“我是在水里的，是海星！”\n“好的，水杨桃。”其他植物说道。,,

TOWERDEFENSE_PLANT_ICESQUASH_NAME,冰菇窝瓜,Ice Squash,Ice Squash
TOWERDEFENSE_PLANT_ICESQUASH_EXPRESTION,冰菇窝瓜会压扁第一个接近它的僵尸，并冻结全场。,,
TOWERDEFENSE_PLANT_ICESQUASH_HANDBOOK_EXPRESTION,[color=FF0000]获取方式[/color]：[color=0000cd]通关冒险模式 4-13[/color]\n\n韧性：[color=cc241d]300[/color]\n威力：[color=cc241d]1800[/color]\n范围：[color=cc241d]自身前后一格[/color]\n特点：[color=cc241d]压扁接近它的僵尸，并释放寒冰菇效果（冻结全屏僵尸3秒+减速15秒）[/color],,
TOWERDEFENSE_PLANT_ICESQUASH_HANDBOOK_STORY,这是窝瓜困在冰箱2000年后变成的样子。你问他怎么回到现在的？我们发现冰菇窝瓜时还发现了一小块传送机的碎片。,,
TOWERDEFENSE_PLANT_ICESQUASH_CUSTOM_1_NAME,冰冻回忆,,
TOWERDEFENSE_PLANT_ICESQUASH_CUSTOM_1_ACCESS,商店购买（价格5000）,,
TOWERDEFENSE_PLANT_ICESQUASH_CUSTOM_1_STORY,一个经典的“冬瓜”造型,,

TOWERDEFENSE_PLANT_CATFLOWER_NAME,小猫向日葵,Cat Flower,Cat Flower
TOWERDEFENSE_PLANT_CATFLOWER_EXPRESTION,小猫最喜欢晒太阳了！,,
TOWERDEFENSE_PLANT_CATFLOWER_HANDBOOK_EXPRESTION,[color=FF0000]获取方式[/color]：[color=0000cd]通关冒险模式 4-14[/color]\n\n韧性：[color=cc241d]300[/color]\n生产：[color=cc241d]25阳光/25秒[/color]\n威力：[color=cc241d]100/10s[/color]\n范围：[color=cc241d]全屏追踪[/color]\n特点：[color=cc241d]发射追踪的小阳光子弹，击中僵尸后掉落15阳光[/color],,
TOWERDEFENSE_PLANT_CATFLOWER_HANDBOOK_STORY,“这是豌豆射手给我的猫猫装扮。”向日葵说，“他觉得我戴上挺好看的。”不过副作用就是她不时会发出汪汪的叫声，演唱会也变得一团糟。\n“那本应是我们发出的叫声！”一位粉丝说到。,,

TOWERDEFENSE_PLANT_CATPUMPKIN_NAME,猫窝,Cat bed,Cat bed
TOWERDEFENSE_PLANT_CATPUMPKIN_EXPRESTION,猫窝和猫砂盆都是猫猫的必备品。,,
TOWERDEFENSE_PLANT_CATPUMPKIN_HANDBOOK_EXPRESTION,[color=FF0000]获取方式[/color]：[color=0000cd]通关冒险模式 4-15[/color]\n\n韧性：[color=cc241d]4000[/color]\n威力：[color=cc241d]20×2/1.5s[/color]\n特性：[color=cc241d]保护植物、两栖植物[/color]\n特点：[color=cc241d]使种在猫窝内的猫尾草类植物攻速翻倍[/color],,
TOWERDEFENSE_PLANT_CATPUMPKIN_HANDBOOK_STORY,“其实香蒲的可塑性非常强，只要稍微整顿一下…看，一个完美的新物种就诞生了。”\n“对了，不要把僵尸猫放进猫窝，谢谢。”,,

TOWERDEFENSE_PLANT_COFFEELEAF_NAME,咖啡伞,Coffee leaf,Coffee leaf
TOWERDEFENSE_PLANT_COFFEELEAF_EXPRESTION,咖啡伞能保护邻近的植物不被蹦极僵尸和投石车僵尸所伤害。,,
TOWERDEFENSE_PLANT_COFFEELEAF_HANDBOOK_EXPRESTION,[color=FF0000]获取方式[/color]：[color=0000cd]通关冒险模式 5-1[/color]\n\n韧性：[color=cc241d]300[/color]\n范围：[color=cc241d]自身为中心3×3范围[/color]\n特性：[color=C71585]悬浮植物、唤醒本格植物[/color]\n特点：[color=cc241d]具有保护伞效果：保护范围内植物不受僵尸空降、蹦极僵尸、投石车僵尸的影响[/color],,
TOWERDEFENSE_PLANT_COFFEELEAF_HANDBOOK_STORY,尽管白天很少会下雨，但这并不影响咖啡豆打伞——只有咖啡伞自己知道，这“伞”是它努力护发应得的成果。至于杂交技术？那不重要。,,
TOWERDEFENSE_PLANT_COFFEELEAF_CUSTOM_1_NAME,全息护盾,,
TOWERDEFENSE_PLANT_COFFEELEAF_CUSTOM_1_ACCESS,每日挑战 2026/1月 累计完成7天,,
TOWERDEFENSE_PLANT_COFFEELEAF_CUSTOM_1_STORY,依靠先进的力场技术完成防护。别忘了给它充电！,,

TOWERDEFENSE_PLANT_CABBAGECOB_NAME,玉米卷迫击炮,Cabbage Cob Mortar,Cabbage Cob Mortar
TOWERDEFENSE_PLANT_CABBAGECOB_EXPRESTION,向僵尸投射包裹卷心菜或黄油的炮弹。,,
TOWERDEFENSE_PLANT_CABBAGECOB_HANDBOOK_EXPRESTION,[color=FF0000]获取方式[/color]：[color=0000cd]通关冒险模式 5-2[/color]\n\n韧性：[color=cc241d]300[/color]\n威力：[color=cc241d]80/3s[/color]\n范围：[color=cc241d]前方一行[/color]\n特点：[color=cc241d]①炮弹命中后向3×3范围随机散落8枚卷心菜\n②有15%概率发射黄油炮弹，会随机散落8枚黄油[/color],,
TOWERDEFENSE_PLANT_CABBAGECOB_HANDBOOK_STORY,尽管身负功勋、被卷心菜家族视为荣耀，玉米卷迫击炮的归田生活却似乎并不快乐。“老大他教我战斗、为我庆祝生日…”回想起故人，玉米卷迫击炮叹了口气，“你说他那么好的一个玉米，怎么就……搬去敬老院了？这乡下的环境哪里不好了！”,,

TOWERDEFENSE_PLANT_MELONNUT_NAME,西瓜坚果,Watermelon Nut,Watermelon Nut
TOWERDEFENSE_PLANT_MELONNUT_EXPRESTION,西瓜坚果可以对成群的僵尸造成巨大伤害。,,
TOWERDEFENSE_PLANT_MELONNUT_HANDBOOK_EXPRESTION,[color=FF0000]获取方式[/color]：[color=0000cd]通关冒险模式 5-3[/color]\n\n韧性：[color=cc241d]4000[/color]\n威力：[color=cc241d]80/3s[/color]\n范围：[color=cc241d]前方一行[/color]\n特点：[color=cc241d]向前方投掷西瓜攻击僵尸[/color],,
TOWERDEFENSE_PLANT_MELONNUT_HANDBOOK_STORY,个人第一次见到他都会疑惑他到底是西瓜还是坚果，但是他坚定认为自己是西瓜:“你看看我，我肯定是西瓜不是坚果，这有什么可以疑惑的？”但是一到夏天他又会认为自己是坚果，非常奇怪。,,
TOWERDEFENSE_PLANT_MELONNUT_CUSTOM_1_NAME,防弹钢盔,,
TOWERDEFENSE_PLANT_MELONNUT_CUSTOM_1_ACCESS,每日挑战 2025/12月 累计完成14天,,
TOWERDEFENSE_PLANT_MELONNUT_CUSTOM_1_STORY,不锈钢锅改造的头盔+仿生学防毒面罩，据说最早用于防御弹弓和鸟类的打击,,

TOWERDEFENSE_PLANT_GARLICCHOMPER_NAME,大蒜大嘴花,Garlic Chomper,Garlic Chomper
TOWERDEFENSE_PLANT_GARLICCHOMPER_EXPRESTION,大蒜大嘴花最爱吃大蒜了！,,
TOWERDEFENSE_PLANT_GARLICCHOMPER_HANDBOOK_EXPRESTION,[color=FF0000]获取方式[/color]：[color=0000cd]通关冒险模式 5-5[/color]\n\n韧性：[color=cc241d]300[/color]\n威力：[color=cc241d]80/1.5s（啃咬）[/color]\n范围：[color=cc241d]前方一格[/color]\n特性：[color=cc241d]大蒜[/color]\n特点：[color=cc241d]\n①能够吞噬小型车类僵尸\n②自身具有大蒜效果，啃咬僵尸也会赋予大蒜效果[/color],,
TOWERDEFENSE_PLANT_GARLICCHOMPER_HANDBOOK_STORY,大蒜大嘴花总是闻起来像是刚从意大利餐厅走出来。它的口号是“闻起来就是力量”，虽然这经常让旁边的植物保持距离。它喜欢在阳光下晒太阳，但它的邻居们总是抱怨说：“你能去别的地方晒吗？”无论如何，大蒜大嘴花都乐观地认为，强烈的气味只是一种天然的社交距离工具。,,

TOWERDEFENSE_PLANT_NUTLEAF_NAME,坚果保护伞,Nutleaf,Nutleaf
TOWERDEFENSE_PLANT_NUTLEAF_EXPRESTION,张开伞叶，拦截周围跳跃的僵尸。,,
TOWERDEFENSE_PLANT_NUTLEAF_HANDBOOK_EXPRESTION,[color=FF0000]获取方式[/color]：[color=0000cd]通关冒险模式 5-6[/color]\n\n韧性：[color=cc241d]4000[/color]\n范围：[color=cc241d]自身为中心3×3范围[/color]\n特性：[color=cc241d]可以阻挡僵尸跳跃[/color]\n特点：[color=cc241d]①阻止僵尸在自身所在位置搭梯\n②可以拦截保护范围内能够跳跃的僵尸，消除其跳跃能力[/color],,
TOWERDEFENSE_PLANT_NUTLEAF_HANDBOOK_STORY,坚果保护伞从小练就了一身独特的拦截本领。他最喜欢在拦截那些试图跳过的僵尸时，喊上一句他最喜欢的台词：“You! Shall Not! Pass!!,,

TOWERDEFENSE_PLANT_POTATOCOBCANNON_NAME,土豆加农炮,Potato Cannon,Potato Cannon
TOWERDEFENSE_PLANT_POTATOCOBCANNON_EXPRESTION,点击土豆加农炮以发射一枚土豆雷。,,
TOWERDEFENSE_PLANT_POTATOCOBCANNON_HANDBOOK_EXPRESTION,[color=FF0000]获取方式[/color]：[color=0000cd]通关冒险模式 5-7[/color]\n\n韧性：[color=cc241d]300[/color]\n威力：[color=cc241d]1800/30秒（装填时间）[/color]\n范围：[color=cc241d]单格（点击区域）[/color]\n特点：[color=cc241d]①在目标地面安装一枚出土的阳光土豆雷，若落点无法种植土豆雷，则立即爆炸并产生50点阳光\n②重新装填需要30秒[/color],,
TOWERDEFENSE_PLANT_POTATOCOBCANNON_HANDBOOK_STORY,“你总是这么懒惰，到最后一刻才跟僵尸动手！”其它植物指责土豆雷，但土豆雷懒得搭理他们。\n直到今天，众植物才突然发现，原来土豆雷偷偷考上了跟玉米加农炮一样的哈佛大学法律专业，现在他俩是舍友！,,

TOWERDEFENSE_PLANT_POTSPIKE_NAME,地刺花盆,Thorny flower pot,Thorny flower pot
TOWERDEFENSE_PLANT_POTSPIKE_EXPRESTION,一个很不起眼，但是扎脚的花盆。,,
TOWERDEFENSE_PLANT_POTSPIKE_HANDBOOK_EXPRESTION,[color=FF0000]获取方式[/color]：[color=0000cd]通关冒险模式 5-8[/color]\n\n韧性：[color=cc241d]300[/color]\n威力：[color=cc241d]20/1.5s[/color]\n范围：[color=cc241d]单格[/color]\n特性：[color=cc241d]低矮植物、可在裸地上承载植物、不被僵尸啃食[/color]\n特点：[color=cc241d]可以对经过的僵尸造成伤害，并能爆胎一次车辆[/color]\n亡语：[color=cc241d]变成原版花盆[/color],,
TOWERDEFENSE_PLANT_POTSPIKE_HANDBOOK_STORY,僵尸经常质疑为什么地刺花盆不会扎到盆里的植物，却没有注意到他的尖刺都长在盆的外沿——他也有自己的温柔。,,
TOWERDEFENSE_PLANT_POTSPIKE_CUSTOM_1_NAME,荆棘蔷薇,,
TOWERDEFENSE_PLANT_POTSPIKE_CUSTOM_1_ACCESS,每日挑战 2026/1月 累计完成14天,,
TOWERDEFENSE_PLANT_POTSPIKE_CUSTOM_1_STORY,花朵虽美，请勿采摘。看似不起眼的荆棘是沉默的护花使者。,,

TOWERDEFENSE_PLANT_SUNPULT_NAME,阳光菇投手,Sunshroom Pult,Sunshroom Pult
TOWERDEFENSE_PLANT_SUNPULT_EXPRESTION,阳光菇投手可以投掷阳光菇进行攻击。,,
TOWERDEFENSE_PLANT_SUNPULT_HANDBOOK_EXPRESTION,[color=FF0000]获取方式[/color]：[color=0000cd]通关冒险模式 5-10[/color]\n\n韧性：[color=cc241d]300[/color]\n生产：[color=cc241d]15阳光/25秒，长大后变为25阳光/25秒[/color]\n威力：[color=cc241d]40/3s，长大后变为80/3s[/color]\n范围：[color=cc241d]前方一行[/color]\n特性：[color=C71585]白天会睡觉[/color]\n特点：[color=cc241d]需要60秒时间成长[/color],,
TOWERDEFENSE_PLANT_SUNPULT_HANDBOOK_STORY,投出自己的兄弟，这在别的植物眼里特别奇怪，尽管已经有西瓜投手投西瓜这种例子，但蘑菇投手，大家还是第一次见。“那只是一个塑料仿制品而已啦…”阳光菇投手说，他的投篮也是从卷心菜投手那买的。,,
TOWERDEFENSE_PLANT_SUNPULT_CUSTOM_1_NAME,冬日暖阳,,
TOWERDEFENSE_PLANT_SUNPULT_CUSTOM_1_ACCESS,每日挑战 2025/11月 累计完成7天,,
TOWERDEFENSE_PLANT_SUNPULT_CUSTOM_1_STORY,特效：[color=cc241d]\n装扮该皮肤时，阳光菇投手发射的阳光菇子弹也会戴上小帽子\n（仅外观变化，实际伤害和性质不变）[/color]\n\n“来打雪仗吧！”\n话是这么说，但他扔的还是蘑菇。,,

TOWERDEFENSE_PLANT_SUNPEASHOOTER_NAME,骄阳豌豆射手,Sun PeaShooter,Sun PeaShooter
TOWERDEFENSE_PLANT_SUNPEASHOOTER_EXPRESTION,骄阳豌豆射手可以生产阳光和发射骄阳火球。,,
TOWERDEFENSE_PLANT_SUNPEASHOOTER_HANDBOOK_EXPRESTION,[color=FF0000]获取方式[/color]：[color=0000cd]通关冒险模式 5-11[/color]\n\n韧性：[color=cc241d]300[/color]\n生产：[color=cc241d]50阳光/25秒[/color]\n威力：[color=cc241d]40/1.5s[/color]\n范围：[color=cc241d]前方一行[/color]\n特点：[color=cc241d]骄阳火球具有25%的溅射伤害，且最多穿透3个僵尸，且不会抵消冻结和减速效果[/color],,
TOWERDEFENSE_PLANT_SUNPEASHOOTER_HANDBOOK_STORY,作为目前阳光俱乐部的唯一一名豌豆家族成员，他为此深感骄傲。“俱乐部的各位没有意识到阳光除了种植之外，还具有强大的热能。”,,

TOWERDEFENSE_PLANT_JALATORCH_NAME,火炬辣椒,Jalatorch,Jalatorch
TOWERDEFENSE_PLANT_JALATORCH_EXPRESTION,燃烧一竖列僵尸，并留下可点燃豌豆的烈焰。,,
TOWERDEFENSE_PLANT_JALATORCH_HANDBOOK_EXPRESTION,[color=FF0000]获取方式[/color]：[color=0000cd]通关冒险模式 5-12[/color]\n\n韧性：[color=cc241d]300[/color]\n烈焰豌豆：[color=cc241d]80（50%单格溅射火焰伤害）[/color]\n威力：[color=cc241d]1800（灰烬伤害）[/color]\n灼烧：[color=cc241d]80/1.5s（火焰伤害）[/color]\n范围：[color=cc241d]竖列一行[/color]\n特点：[color=cc241d]\n①释放后会残留一列15秒的烈焰，烈焰可以保护所在格的植物免疫冻结和减速效果，并能灼烧路过的僵尸，会抵消僵尸身上的冻结与减速效果\n②残留的烈焰可以将豌豆类子弹点燃成烈焰豌豆：伤害80，会抵消减速与冻结效果[/color],,
TOWERDEFENSE_PLANT_JALATORCH_HANDBOOK_STORY,“这是我的新发型！”火炬辣椒向其他植物炫耀着。他非常得意这个发型，不过令他难过的是，每次种下后都会脱发。,,

TOWERDEFENSE_PLANT_THREEPEATERG_NAME,大蒜三线射手,Threepeater Garlic,Threepeater Garlic
TOWERDEFENSE_PLANT_THREEPEATERG_EXPRESTION,驱赶两侧的僵尸，并使前方的僵尸中毒！,,
TOWERDEFENSE_PLANT_THREEPEATERG_HANDBOOK_EXPRESTION,[color=FF0000]获取方式[/color]：[color=0000cd]通关冒险模式 5-13[/color]\n\n韧性：[color=cc241d]300[/color]\n威力：[color=cc241d]20/1.5s[/color]\n范围：[color=cc241d]前方三行[/color]\n特性：[color=cc241d]使僵尸换行或中毒[/color]\n特点：[color=cc241d]①上下两路子弹70%概率为大蒜子弹，30%概率为毒蒜子弹；中路固定为毒蒜子弹\n②大蒜子弹会使僵尸换行（车辆、boss、免控僵尸除外）\n③毒蒜子弹会为单格范围内所有僵尸附加3秒中毒（不会换行）[/color],,
TOWERDEFENSE_PLANT_THREEPEATERG_HANDBOOK_STORY,大蒜三线射手想要组队参加“第三届杂交植物选美大赛”，她们认为自己“一白遮百丑”。“蒜了吧。”僵尸们对此捂着鼻子评价道。,,

TOWERDEFENSE_PLANT_CALTROPSNOW_NAME,寒冰地刺,Snow Caltrop,Snow Caltrop
TOWERDEFENSE_PLANT_CALTROPSNOW_EXPRESTION,能减速和冻结僵尸的地刺~,,
TOWERDEFENSE_PLANT_CALTROPSNOW_HANDBOOK_EXPRESTION,[color=FF0000]获取方式[/color]：[color=0000cd]通关冒险模式 5-14[/color]\n\n韧性：[color=cc241d]300[/color]\n威力：[color=cc241d]20/1.5s[/color]\n范围：[color=cc241d]单格[/color]\n特点：[color=cc241d]对经过的僵尸造成伤害、附带减速效果，并有15%的概率冻结僵尸[/color]\n消失：[color=cc241d]释放一次寒冰菇效果（消失效果无法由铲子触发）[/color],,
TOWERDEFENSE_PLANT_CALTROPSNOW_HANDBOOK_STORY,地刺不知道从哪里看到了一句话：“我这一辈子如履薄冰，你说我能走到对岸吗？”它很喜欢这句话，甚至为此去了趟南极，终于让僵尸们体会到了“如履薄冰”的感受。,,

TOWERDEFENSE_PLANT_ICECACTUS_NAME,寒冰仙人掌,Ice Cactus,Ice Cactus
TOWERDEFENSE_PLANT_ICECACTUS_EXPRESTION,三行发射寒冰尖刺，造成大面积减速。,,
TOWERDEFENSE_PLANT_ICECACTUS_HANDBOOK_EXPRESTION,[color=FF0000]获取方式[/color]：[color=0000cd]通关冒险模式 5-15[/color]\n\n韧性：[color=cc241d]300[/color]\n威力：[color=cc241d]20/1.5s[/color]\n范围：[color=cc241d]前方三行[/color]\n特点：[color=cc241d]\n①寒冰尖刺最多穿透攻击3只僵尸，且附带减速效果\n②可以长高攻击飞行僵尸，对空子弹数量翻倍[/color],,
TOWERDEFENSE_PLANT_ICECACTUS_HANDBOOK_STORY,“我只是有点感冒！只是在打喷嚏而已。干嘛用这种眼神看着我？”寒冰仙人掌说，“拜托，沙漠的夜晚也是相当寒冷的！”,,
TOWERDEFENSE_PLANT_ICECACTUS_CUSTOM_1_NAME,寒锋上将,,
TOWERDEFENSE_PLANT_ICECACTUS_CUSTOM_1_ACCESS,每日挑战 2026/1月 累计完成28天,,
TOWERDEFENSE_PLANT_ICECACTUS_CUSTOM_1_STORY,面对敌人就像看上去那样【冷酷】。,,

TOWERDEFENSE_PLANT_NULL_NAME,大蒜花盆,Garlic pot,Garlic pot
TOWERDEFENSE_PLANT_NULL_EXPRESTION,为本格所有植物染上蒜味！,,
TOWERDEFENSE_PLANT_NULL_HANDBOOK_EXPRESTION,[color=FF0000]获取方式[/color]：[color=0000cd]通关冒险模式 6-1[/color]\n\n韧性：[color=cc241d]300[/color]\n威力：[color=cc241d]----[/color]\n范围：[color=cc241d]单格[/color]\n特性：[color=C71585]大蒜植物、底座植物[/color]\n\n特点：[color=cc241d]\n使本格的其他植物也同样具有大蒜效果[/color],,
TOWERDEFENSE_PLANT_NULL_HANDBOOK_STORY,据说，待在大蒜花盆身上的植物比僵尸更想换行逃走，毕竟他身上的蒜味实在太过浓烈。“再忍忍吧！僵尸都很讨厌大蒜，有我的气味他们过不来的。”大蒜花盆自信道，不过他忘了，僵尸不管遇到什么都会先啃一口。,,

TOWERDEFENSE_PLANT_SPRINGFUMESHROOM_NAME,QQ弹弹大喷菇,Spring Fumeshroom,Spring Fumeshroom
TOWERDEFENSE_PLANT_SPRINGFUMESHROOM_EXPRESTION,总有一天......,,
TOWERDEFENSE_PLANT_SPRINGFUMESHROOM_HANDBOOK_EXPRESTION,[color=FF0000]获取方式[/color]：[color=0000cd]通关冒险模式 6-2[/color]\n\n韧性：[color=cc241d]300[/color]\n范围：[color=cc241d]前方一格[/color]\n特性：[color=C71585]白天会睡觉[/color]\n特点：[color=cc241d]①消耗自身50点血量，弹开范围内的一只僵尸2格距离（弹开大型僵尸消耗血量翻倍）\n②可以将蜗牛壳弹至反向滚动（蜗牛壳所属阵营不变）[/color]\n彩蛋：[color=cc241d]可以点击该植物触发彩蛋动作[/color],,
TOWERDEFENSE_PLANT_SPRINGFUMESHROOM_HANDBOOK_STORY,吸收了过多蛋白的大喷菇，变得如同蹦床一样Q弹。被他吸引来的不只有爱蹦床的小孩子，还有他的粉丝。,,
TOWERDEFENSE_PLANT_SPRINGFUMESHROOM_CUSTOM_1_NAME,糖果拼盘,,
TOWERDEFENSE_PLANT_SPRINGFUMESHROOM_CUSTOM_1_ACCESS,每日挑战 2025/12月 累计完成28天,,
TOWERDEFENSE_PLANT_SPRINGFUMESHROOM_CUSTOM_1_STORY,被这么一大块橡皮糖弹开，僵尸会得蛀牙吗？,,

TOWERDEFENSE_PLANT_PUMPKINCANNON_NAME,南瓜加农炮,Pumpkin Cannon,Pumpkin Cannon
TOWERDEFENSE_PLANT_PUMPKINCANNON_EXPRESTION,手动发射南瓜，伤害僵尸或为植物提供护罩。,,
TOWERDEFENSE_PLANT_PUMPKINCANNON_HANDBOOK_EXPRESTION,[color=FF0000]获取方式[/color]：[color=0000cd]通关冒险模式 6-3[/color]\n\n韧性：[color=cc241d]4000[/color]\n威力：[color=cc241d]1800/30秒（装填时间）[/color]\n范围：[color=cc241d]单格（点击区域）[/color]\n特点：[color=cc241d]\n①手动点击向指定格子发射南瓜，轰炸目标格子的所有僵尸，或为该格植物套上普通南瓜壳\n②若目标格子存在破损的南瓜壳，则会替换为全新南瓜壳\n③若目标格子存在未破损的南瓜壳，则生成125阳光\n④无法种植在水面上，且自身被视为实心南瓜壳（瞄准自己开炮生成125阳光）[/color],,
TOWERDEFENSE_PLANT_PUMPKINCANNON_HANDBOOK_STORY,南瓜加农炮经常被误认为是个万圣南瓜灯，但他并不在意，因为他最爱的节日就是万圣节。“不给糖就导弹”是他最喜欢的一句话——最后面那两个字不是错别字。,,
TOWERDEFENSE_PLANT_PUMPKINCANNON_CUSTOM_1_NAME,万圣狂欢,,
TOWERDEFENSE_PLANT_PUMPKINCANNON_CUSTOM_1_ACCESS,初始解锁,,
TOWERDEFENSE_PLANT_PUMPKINCANNON_CUSTOM_1_STORY,woooo~~他每年都在等待这一天！,,

TOWERDEFENSE_PLANT_STARLEAF_NAME,杨桃保护伞,Starleaf,Starleaf
TOWERDEFENSE_PLANT_STARLEAF_EXPRESTION,被杨桃保护伞弹飞的东西会变成流星砸下来！,,
TOWERDEFENSE_PLANT_STARLEAF_HANDBOOK_EXPRESTION,韧性：[color=cc241d]1000[/color]\n威力：[color=cc241d]100/每次弹飞[/color]\n范围：[color=cc241d]随机[/color]\n特点：[color=cc241d]每次弹飞僵尸或敌对投掷子弹时对距离自身直线距离最近的僵尸位置触发一次流星坠落，对其3x3范围内的僵尸造成100点伤害（20%概率触发高能流星坠落，伤害翻倍，附加2秒不叠加眩晕）[/color],,
TOWERDEFENSE_PLANT_STARLEAF_HANDBOOK_STORY,“你相信引力吗？”杨桃保护伞经常摆出一副神秘的表情说道，“看，那些飞上天的事物，终有一天会化作流星再次坠回大地——这就是万有引力的最佳证明。”,,

TOWERDEFENSE_PLANT_SQUASHKING_NAME,窝瓜王,Squash King,Squash King
TOWERDEFENSE_PLANT_SQUASHKING_EXPRESTION,影流之主！,,
TOWERDEFENSE_PLANT_SQUASHKING_HANDBOOK_EXPRESTION,[color=FF0000]获取方式[/color]：[color=0000cd]通关冒险模式 6-7[/color]\n\n韧性：[color=cc241d]300[/color]\n威力：[color=cc241d]5400[/color]\n范围：[color=cc241d]自身周围一格（索敌）/ 1×3（伤害范围）[/color]\n特点：[color=cc241d]伤害范围比原版窝瓜更大，且对伤害范围内的僵尸均造成5400伤害[/color],,
TOWERDEFENSE_PLANT_SQUASHKING_HANDBOOK_STORY,其实窝瓜更喜欢那件斗篷而不是王冠，每次王冠都弄的他头皮发痒。“要不是可以分身谁还带这王冠啊！”,,

TOWERDEFENSE_PLANT_WALLNUTSQUASH_NAME,窝瓜坚果,Squash Nut,Squash Nut
TOWERDEFENSE_PLANT_WALLNUTSQUASH_EXPRESTION,窝瓜坚果能给予敌人致命一击。,,
TOWERDEFENSE_PLANT_WALLNUTSQUASH_HANDBOOK_EXPRESTION,[color=FF0000]获取方式[/color]：[color=0000cd]通关冒险模式 6-12[/color]\n\n韧性：[color=cc241d]4000[/color]\n威力：[color=cc241d]1800（亡语）[/color]\n范围：[color=cc241d]自身周围一格（亡语）[/color]\n亡语：[color=cc241d]血量变为300，并像原版窝瓜一样砸击僵尸[/color],,
TOWERDEFENSE_PLANT_WALLNUTSQUASH_HANDBOOK_STORY,窝瓜坚果和土豆地雷是青梅竹马，他们总有聊不完的天。“我喜欢做好完全的准备，到最后一刻再动手！”窝瓜坚果说道。土豆地雷赞同他的想法，只不过他并不喜欢酥酥麻麻的背部按摩——来自僵尸的按摩。,,

TOWERDEFENSE_PLANT_CHERRYPEA_NAME,豌豆炸弹,CherryPea,CherryPea
TOWERDEFENSE_PLANT_CHERRYPEA_EXPRESTION,豌豆炸弹能够发射十圈豌豆。,,
TOWERDEFENSE_PLANT_CHERRYPEA_HANDBOOK_EXPRESTION,[color=FF0000]获取方式[/color]：[color=0000cd]通关冒险模式 7-10[/color]\n\n韧性：[color=cc241d]300[/color]\n威力：[color=cc241d]20×360[/color]\n范围：[color=cc241d]---[/color]\n特点：[color=cc241d]爆炸产生10圈向外发散的豌豆，每圈36颗豌豆[/color],,
TOWERDEFENSE_PLANT_CHERRYPEA_HANDBOOK_STORY,别让戴夫看到这个，不然他可能真的往许愿池里扔火爆辣椒。,,

TOWERDEFENSE_PLANT_WILDPEA_NAME,狂野机枪射手,WildPea,WildPea
TOWERDEFENSE_PLANT_WILDPEA_EXPRESTION,狂野机枪射手可以朝前方发射霰弹豌豆。,,
TOWERDEFENSE_PLANT_WILDPEA_HANDBOOK_EXPRESTION,[color=FF0000]获取方式[/color]：[color=0000cd]通关挑战模式 “狂野机枪射手-挑战3”[/color]\n\n韧性：[color=cc241d]1000[/color]\n威力：[color=cc241d]20×4×5/2s[/color]\n特性：[color=C71585]至尊金卡[/color]\n至尊金卡：[color=FFFF00]场上每有一株该植物，植物价格增加100[/color]\n范围：[color=cc241d]五个角度（索敌&弹道）发射总计20颗散射豌豆[/color],,
TOWERDEFENSE_PLANT_WILDPEA_HANDBOOK_STORY,作为机枪射手中最勇猛的机枪，在战场上的火力如同天上下陨石一样恐怖。\n哦对了，他的帽子其实是从隔壁家前院拿来的灌木丛，披风也是隔壁家的床单。,,
TOWERDEFENSE_PLANT_WILDPEA_CUSTOM_1_NAME,赛博狂潮,,
TOWERDEFENSE_PLANT_WILDPEA_CUSTOM_1_ACCESS,商店购买（价格15000）,,
TOWERDEFENSE_PLANT_WILDPEA_CUSTOM_1_STORY,特效：[color=cc241d]装扮该皮肤后，狂野机枪射手发射的豌豆子弹替换为赛博立方，经过火炬同样拥有专属点燃特效\n（仅外观变化，实际伤害和性质不变）[/color]\n\n来自未来时代的流行风格,,

TOWERDEFENSE_PLANT_QUEENSUNFLOWER_NAME,向日葵女王,Queen Sunflower,Queen Sunflower
TOWERDEFENSE_PLANT_QUEENSUNFLOWER_EXPRESTION,发射追踪火球，生产大量阳光。,,
TOWERDEFENSE_PLANT_QUEENSUNFLOWER_HANDBOOK_EXPRESTION,[color=FF0000]获取方式[/color]：[color=0000cd]通关挑战模式 “向日葵女王-挑战3”[/color]\n\n韧性：[color=cc241d]1000[/color]\n生产：[color=cc241d]150阳光/25s[/color]\n威力：[color=cc241d]40×4/3s[/color]\n灼烧：[color=cc241d]40/1.5s（火焰伤害）[/color]\n范围：[color=cc241d]全屏追踪[/color]\n特性：[color=C71585]至尊金卡[/color]\n至尊金卡：[color=FFFF00]场上每有一株该植物，植物价格增加100[/color]\n特点:[color=cc241d]3x3范围内的所有植物免疫减速与冻结，3x3范围内的所有僵尸会被向日葵女王灼烧，并抵消减速和冻结效果[/color],,
TOWERDEFENSE_PLANT_QUEENSUNFLOWER_HANDBOOK_STORY,这是向日葵中最爱晒太阳的一只，被给予了王冠，成为了向日葵女王。“现在我可以随时吃免费的奶酪烧烤三明治了。”向日葵女王说。,,
TOWERDEFENSE_PLANT_QUEENSUNFLOWER_CUSTOM_1_NAME,偶像歌手,,
TOWERDEFENSE_PLANT_QUEENSUNFLOWER_CUSTOM_1_ACCESS,商店购买（价格15000）,,
TOWERDEFENSE_PLANT_QUEENSUNFLOWER_CUSTOM_1_STORY,特效：[color=cc241d]装扮该皮肤后，向日葵女王发射的火球子弹替换为火焰音符，经过冰炬同样拥有专属点燃特效\n（仅外观变化，实际伤害和性质不变）[/color]\n\n花园里的当红偶像，她的歌声温暖着每一名植物和僵尸……\n…等等，那些僵尸是不是真的“燃”起来了？,,

TOWERDEFENSE_PLANT_ICETALLNUT_NAME,高冰果,Ice TallNut,Ice TallNut
TOWERDEFENSE_PLANT_ICETALLNUT_EXPRESTION,高冰果具有极强的防守能力！还能发射子弹！,,
TOWERDEFENSE_PLANT_ICETALLNUT_HANDBOOK_EXPRESTION,[color=FF0000]获取方式[/color]：[color=0000cd]通关挑战模式 “高冰果-挑战3”[/color]\n\n韧性：[color=cc241d]8000[/color]\n威力：[color=cc241d]20×6/1.5s[/color]\n范围：[color=cc241d]前方一行[/color]\n特性：[color=C71585]至尊金卡、阻挡僵尸跳跃[/color]\n至尊金卡：[color=FFFF00]场上每有一株该植物，植物价格增加100[/color]\n特点：[color=cc241d]\n①可抵御锤击、碾压、吞噬、玩偶匣爆炸、海草拖拽，抵御车辆碾压时将其爆胎\n②自身限伤1000，且能够反弹50%受到近战伤害（啃食、锤击等）[/color]\n亡语：[color=cc241d]释放一次寒冰菇效果[/color],,
TOWERDEFENSE_PLANT_ICETALLNUT_HANDBOOK_STORY,“从小时候起大家就因为矮小不喜欢我，所以我下定决心要变强，正是这样才有了横推一路的强大力量。但孤独感依旧不减，导致我的外表逐渐变得和内心一样冰冷。”,,
TOWERDEFENSE_PLANT_ICETALLNUT_CUSTOM_1_NAME,极冰战神,,
TOWERDEFENSE_PLANT_ICETALLNUT_CUSTOM_1_ACCESS,商店购买（价格15000）,,
TOWERDEFENSE_PLANT_ICETALLNUT_CUSTOM_1_STORY,特效：[color=cc241d]装扮该皮肤后，高冰果发射的冰弹替换为武装冰弹，经过各种火炬同样拥有专属特效\n（仅外观变化，实际伤害和性质不变）[/color]\n\n是年，尝有一战，此植初显风采，独守一路，屹立不倒，拒群尸于门外，故众人皆赞曰“战神”也。,,

TOWERDEFENSE_PLANT_HAMBURGER_NAME,汉堡射手,Hamburger,Hamburger
TOWERDEFENSE_PLANT_HAMBURGER_EXPRESTION,汉堡射手能一次射出8枚随机子弹。,,
TOWERDEFENSE_PLANT_HAMBURGER_HANDBOOK_EXPRESTION,[color=FF0000]获取方式[/color]：[color=0000cd]通关挑战模式 “汉堡射手-挑战3”[/color]\n\n韧性：[color=cc241d]4000[/color]\n生产：[color=cc241d]50阳光/25秒[/color]\n威力：[color=cc241d]（120~480）/2s[/color]\n范围：[color=cc241d]前方一行[/color]\n特性：[color=C71585]至尊金卡、阻挡僵尸跳跃[/color]\n至尊金卡：[color=FFFF00]场上每有一株该植物，植物价格增加100[/color]\n特点：[color=cc241d]\n①每次攻击发射随机子弹（黄油，玉米粒，豌豆，冰豆，火球，星星，孢子，尖刺，卷心菜，西瓜，冰瓜）[/color],,
TOWERDEFENSE_PLANT_HAMBURGER_HANDBOOK_STORY,汉堡射手最讨厌别人说什么“麦门”“肯门”的，他只想保持初心——“打击僵尸是我的职责，而汉堡王是我永远的信仰。”,,
TOWERDEFENSE_PLANT_HAMBURGER_CUSTOM_1_NAME,汉堡大帝,,
TOWERDEFENSE_PLANT_HAMBURGER_CUSTOM_1_ACCESS,商店购买（价格15000）,,
TOWERDEFENSE_PLANT_HAMBURGER_CUSTOM_1_STORY,这是翰伯格尔四世。据说他继承王位之后，下达的第一条命令是将每周四的赋税下调50，其用意仍等待着历史学家解密（?,,

TOWERDEFENSE_PLANT_HOTDOG_NAME,热狗射手,Hot Dog Shooter,Hot Dog Shooter
TOWERDEFENSE_PLANT_HOTDOG_EXPRESTION,非常好吃的热狗！两面发射子弹的好东西！,,
TOWERDEFENSE_PLANT_HOTDOG_HANDBOOK_EXPRESTION,[color=FF0000]获取方式[/color]：[color=0000cd]通关挑战模式 “热狗射手-挑战3”[/color]\n\n韧性：[color=cc241d]8000[/color]\n生产：[color=cc241d]50阳光/25秒[/color]\n威力：[color=cc241d](20或40)×8/2s（每个方向）[/color]\n范围：[color=cc241d]左右两边[/color]\n特性：[color=C71585]至尊金卡、占地两格[/color]\n至尊金卡：[color=FFFF00]场上每有一株该植物，植物价格增加100[/color]\n特点：[color=cc241d]左右两边同时发射8枚豌豆/火球/黄油/卷心菜[/color],,
TOWERDEFENSE_PLANT_HOTDOG_HANDBOOK_STORY,“黄油，玉米，豌豆……”热狗射手念念有词。请别误会，这不是热狗射手的年终总结，这是玉米卷的配方——为房子里的戴夫提供玉米卷，是向左的射手的主要职责。,,
TOWERDEFENSE_PLANT_HOTDOG_CUSTOM_1_NAME,乘风破浪,,
TOWERDEFENSE_PLANT_HOTDOG_CUSTOM_1_ACCESS,商店购买（价格15000）,,
TOWERDEFENSE_PLANT_HOTDOG_CUSTOM_1_STORY,特效：[color=cc241d]装扮该皮肤后，热狗射手发射的子弹被替换为炮弹、火焰炮弹、木桶、黄油桶，炮弹经过各种火炬同样拥有专属特效\n（仅外观变化，实际伤害和性质不变）[/color]\n\n全员就位！向日葵号，启航！,,

TOWERDEFENSE_PLANT_DOOMCOBCANNON_NAME,毁灭加农炮,Cannon of Destruction,Cannon of Destruction
TOWERDEFENSE_PLANT_DOOMCOBCANNON_EXPRESTION,点击毁灭加农炮发射致命的毁灭炮弹。,,
TOWERDEFENSE_PLANT_DOOMCOBCANNON_HANDBOOK_EXPRESTION,[color=FF0000]获取方式[/color]：[color=0000cd]通关挑战模式 “毁灭加农炮-挑战3”[/color]\n\n韧性：[color=cc241d]1000[/color]\n威力：[color=cc241d]1800/30秒（装填时间）[/color]\n范围：[color=cc241d]以点击区域为圆心、半径3.5格的圆[/color]\n特性：[color=C71585]至尊金卡、占地两格[/color]\n至尊金卡：[color=FFFF00]场上每有一株该植物，植物价格增加100[/color]\n特点：[color=cc241d]点击发射毁灭菇炮弹，伤害处于爆炸范围内的僵尸，并在落点留下弹坑[/color],,
TOWERDEFENSE_PLANT_DOOMCOBCANNON_HANDBOOK_STORY,不是玉米炮而是毁灭菇，不是爆米花而是蘑菇云，毁灭加农炮总是搞不懂自己到底是哪个家族的。“我知道，蘑菇玉米汤！”一个小豌豆射手说。难道戴夫前天吃的是这个？,,
TOWERDEFENSE_PLANT_DOOMCOBCANNON_CUSTOM_1_NAME,核能预警,,
TOWERDEFENSE_PLANT_DOOMCOBCANNON_CUSTOM_1_ACCESS,商店购买（价格15000）,,
TOWERDEFENSE_PLANT_DOOMCOBCANNON_CUSTOM_1_STORY,!警告，战术核导弹已发射!,,

TOWERDEFENSE_PLANT_HYPNOSHROOMSHOOTER_NAME,Cupid魅惑菇射手,HypnoShroom Shooter,HypnoShroom Shooter
TOWERDEFENSE_PLANT_HYPNOSHROOMSHOOTER_EXPRESTION,华丽万千的女大学生！,,
TOWERDEFENSE_PLANT_HYPNOSHROOMSHOOTER_HANDBOOK_EXPRESTION,[color=FF0000]获取方式[/color]：[color=0000cd]通关挑战模式 “魅惑菇射手-挑战6”[/color]\n\n韧性：[color=cc241d]300[/color]\n威力：[color=cc241d]1800/2s[/color]\n范围：[color=cc241d]前方三行[/color]\n特性：[color=cc241d]无限制种植[/color]\n特点：[color=cc241d]①每2秒向三行各发射1枚丘比特之箭，魅惑击中的僵尸（可以击中飞行僵尸与陆地僵尸）\n②在场15秒后消失[/color],,
TOWERDEFENSE_PLANT_HYPNOSHROOMSHOOTER_HANDBOOK_STORY,魅惑菇一直很向往自己能成为传播爱的使者，所以她cos成了自己的偶像——爱神丘比特，并誓要为所有僵尸带去爱与美好！\n当然，巨人也不例外！,,
TOWERDEFENSE_PLANT_HYPNOSHROOMSHOOTER_CUSTOM_1_NAME,圣翼祈愿,,
TOWERDEFENSE_PLANT_HYPNOSHROOMSHOOTER_CUSTOM_1_ACCESS,商店购买（价格15000）,,
TOWERDEFENSE_PLANT_HYPNOSHROOMSHOOTER_CUSTOM_1_STORY,向魅惑菇倾诉或祈祷吧~,,
TOWERDEFENSE_PLANT_HYPNOSHROOMSHOOTER_CUSTOM_2_NAME,爱心守护,,
TOWERDEFENSE_PLANT_HYPNOSHROOMSHOOTER_CUSTOM_2_ACCESS,商店购买（价格15000）,,
TOWERDEFENSE_PLANT_HYPNOSHROOMSHOOTER_CUSTOM_2_STORY,白衣天使，一片真心为你护航~,,

TOWERDEFENSE_PLANT_HYPNODOOMSHROOM_NAME,魅惑毁灭菇,HypnoDoomShroom,HypnoDoomShroom
TOWERDEFENSE_PLANT_HYPNODOOMSHROOM_EXPRESTION,魅惑毁灭菇可以魅惑范围内的所有僵尸。,,
TOWERDEFENSE_PLANT_HYPNODOOMSHROOM_HANDBOOK_EXPRESTION,[color=FF0000]获取方式[/color]：[color=0000cd]通关挑战模式 “魅惑毁灭菇-挑战6”[/color]\n\n韧性：[color=cc241d]300[/color]\n威力：[color=cc241d]---[/color]\n范围：[color=cc241d]以自身为圆心半径约3.5格的圆[/color]\n特点：[color=cc241d]对爆炸范围内所有僵尸造成魅惑效果，并在原地留下一个弹坑[/color],,
TOWERDEFENSE_PLANT_HYPNODOOMSHROOM_HANDBOOK_STORY,人们对于魅惑毁灭菇的出身议论纷纷，其实既不是邪恶的实验室，也不是糟糕的一夜情。只是笨手笨脚的毁灭菇不小心打翻了颜料，并在爆炸时把它们喷溅在僵尸身上罢了。,,
TOWERDEFENSE_PLANT_HYPNODOOMSHROOM_CUSTOM_1_NAME,迷幻烟云,,
TOWERDEFENSE_PLANT_HYPNODOOMSHROOM_CUSTOM_1_ACCESS,商店购买（价格15000）,,
TOWERDEFENSE_PLANT_HYPNODOOMSHROOM_CUSTOM_1_STORY,特效：[color=cc241d]装扮该皮肤后，魅惑毁灭菇的爆炸特效发生变化\n（仅外观变化，实际伤害和性质不变）[/color]\n\n“无需在意，一切不过是浮云…”,,

TOWERDEFENSE_PLANT_PEAVASE_NAME,罐子豌豆射手,Pea Vase,Pea Vase
TOWERDEFENSE_PLANT_PEAVASE_EXPRESTION,装在罐子里的豌豆射手，罐子破损时会使用碎片反击僵尸。,,
TOWERDEFENSE_PLANT_PEAVASE_HANDBOOK_EXPRESTION,[color=FF0000]获取方式[/color]：[color=0000cd]砸罐子模式收集10颗星星领取[/color]\n\n韧性：[color=cc241d]2000[/color]\n威力：[color=cc241d]（20/40/40×2）/1.5s[/color]\n范围：[color=cc241d]前方一行[/color]\n特性：[color=C71585]可以种植在水中[/color]\n特点：[color=cc241d]免疫减速和冰冻。初始发射豌豆，每次破损时，对3×1范围内的僵尸造成100伤害+半格击退、并强化自身攻击方式；第一次破损后子弹改为40伤害的罐子碎片，第二次破损后改为发射两枚罐子碎片[/color]\n亡语：[color=cc241d]掉落一张豌豆射手卡牌[/color],,
TOWERDEFENSE_PLANT_PEAVASE_HANDBOOK_STORY,罐子豌豆射手总是迫不及待地冲在最前面，同伴们都称颂他的勇敢。虽然他只是为了缓解被卡住的尴尬才装作冲锋的样子。,,

TOWERDEFENSE_PLANT_SQUASHVASE_NAME,罐子窝瓜,Squash Vase,Squash Vase
TOWERDEFENSE_PLANT_SQUASHVASE_EXPRESTION,罐子窝瓜能把它无法压扁的僵尸封印起来。别忘了处理被封印的僵尸！,,
TOWERDEFENSE_PLANT_SQUASHVASE_HANDBOOK_EXPRESTION,[color=FF0000]获取方式[/color]：[color=0000cd]砸罐子模式收集20颗星星领取[/color]\n\n韧性：[color=cc241d]2000[/color]\n威力：[color=cc241d]1800[/color]\n范围：[color=cc241d]自身周围一格[/color]\n特性：[color=C71585]可以种植在水中[/color]\n特点：[color=cc241d]当伤害范围内有僵尸未被压扁时，原地生成一个石化窝瓜罐子，将所有未被压扁的僵尸封进罐子内[/color]\n提醒：[color=cc241d]石化窝瓜罐子只有敲碎才能释放出被封印的僵尸，不释放则游戏不会通关[/color],,
TOWERDEFENSE_PLANT_SQUASHVASE_HANDBOOK_STORY,罐子窝瓜经常直播讲述自己祖上七个葫芦兄弟镇压妖怪的故事，“窝瓜也是葫芦科的植物，我当然也有这身本事。家人们，罐住窝，教你如何封印100个僵尸！”,,

TOWERDEFENSE_PLANT_JALAVASE_NAME,泡椒罐子,Jalapeno Vase,Jalapeno Vase
TOWERDEFENSE_PLANT_JALAVASE_EXPRESTION,储存辣椒的发酵罐子，定期释放内部辣椒的火力。,,
TOWERDEFENSE_PLANT_JALAVASE_HANDBOOK_EXPRESTION,[color=FF0000]获取方式[/color]：[color=0000cd]砸罐子模式收集30颗星星领取[/color]\n\n韧性：[color=cc241d]2000[/color]\n特性：[color=C71585]水陆两栖，免疫减速和冻结[/color]\n特点：[color=cc241d]\n①可以收纳最多4株辣椒类植物，罐子内储存的植物卡牌加快25%冷却（不可叠加，打破罐子后恢复正常）\n②向罐子内存储辣椒类植物时本次伤害降低75%，且不触发额外效果。\n③每隔50秒释放一次内部储存的辣椒植物效果，但伤害降低75%，且不会触发原植物额外效果[/color]\n亡语：[color=cc241d]掉落储存的所有辣椒植物卡片\n（可手动点击敲碎罐子）[/color],,
TOWERDEFENSE_PLANT_JALAVASE_HANDBOOK_STORY,泡椒罐子其实很怕辣，但他还是坚持每天直播挑战品尝各种辣椒。“他可能是想红想疯了。”其他植物摇头评价道。,,

TOWERDEFENSE_PLANT_DISGUISERSUNFLOWER_NAME,伪装的向日葵,Disguiser Sunflower,Disguiser Sunflower
TOWERDEFENSE_PLANT_DISGUISERSUNFLOWER_EXPRESTION,我是僵尸里的训练纸板再就业？,,
TOWERDEFENSE_PLANT_DISGUISERSUNFLOWER_HANDBOOK_EXPRESTION,[color=FF0000]获取方式[/color]：[color=0000cd]我是僵尸模式收集10颗星星领取[/color]\n\n韧性：[color=cc241d]300[/color]\n威力：[color=cc241d]无[/color]\n特点：[color=cc241d]每受到50点伤害，生产25点阳光[/color],,
TOWERDEFENSE_PLANT_DISGUISERSUNFLOWER_HANDBOOK_STORY,当被问起为什么她看起来那么像向日葵时，伪装的向日葵说：“向日葵是我的偶像，因此我努力模仿她的样子——虽然我原本只是一块纸板，但我也有一颗追求梦想的心。”,,

TOWERDEFENSE_PLANT_DISGUISERCHERRY_NAME,伪装的樱桃炸弹,Disguiser CherryBomb,Disguiser CherryBomb
TOWERDEFENSE_PLANT_DISGUISERCHERRY_EXPRESTION,一块不好惹的训练纸板，多啃一口就会爆炸！,,
TOWERDEFENSE_PLANT_DISGUISERCHERRY_HANDBOOK_EXPRESTION,[color=FF0000]获取方式[/color]：[color=0000cd]我是僵尸模式收集20颗星星领取[/color]\n\n韧性：[color=cc241d]300[/color]\n威力：[color=cc241d]300[/color]\n范围：[color=cc241d]3×3[/color]\n特点：[color=cc241d]每受到50点伤害，释放一次伤害为300的樱桃炸弹效果[/color],,
TOWERDEFENSE_PLANT_DISGUISERCHERRY_HANDBOOK_STORY,戴夫在制造炸弹时忘了放炸药，这让伪装的樱桃炸弹非常生气。“我气得要炸了！”\n“…算了，待会再炸。”,,

TOWERDEFENSE_PLANT_DISGUISERBLOVER_NAME,伪装的三叶草,Disguiser Blover,Disguiser Blover
TOWERDEFENSE_PLANT_DISGUISERBLOVER_EXPRESTION,谁在纸板后面藏了台电风扇？,,
TOWERDEFENSE_PLANT_DISGUISERBLOVER_HANDBOOK_EXPRESTION,[color=FF0000]获取方式[/color]：[color=0000cd]我是僵尸模式收集30颗星星领取[/color]\n\n韧性：[color=cc241d]300[/color]\n范围：[color=cc241d]全屏（吹退）[/color]\n特点：[color=cc241d]每受到50点伤害，释放一次三叶草效果，并吹退全屏小型僵尸1/4格、大型僵尸1/8格[/color],,
TOWERDEFENSE_PLANT_DISGUISERBLOVER_HANDBOOK_STORY,这是一块漏风的纸板，啃它的时候会被风吹得牙疼。\n至少僵尸是这么认为的。,,

TOWERDEFENSE_ZOMBIE_NORMAL_NAME,普通僵尸,Normal Zombie,Normal Zombie
TOWERDEFENSE_ZOMBIE_NORMAL_EXPRESTION,平凡无奇的普通僵尸。,,
TOWERDEFENSE_ZOMBIE_NORMAL_HANDBOOK_EXPRESTION,血量：[color=cc241d]270[/color]\n伤害：[color=cc241d]100/s[/color]\n佩戴：[color=cc241d]----[/color]\n类型：[color=cc241d]小型僵尸[/color]\n移速：[color=cc241d]慢[/color],,
TOWERDEFENSE_ZOMBIE_NORMAL_HANDBOOK_STORY,这种僵尸酷爱脑子，贪婪而不知足。脑子、脑子、脑子，——夜以继日地追求着。恶臭难闻的脑子？腐烂的脑子？我想这都没关系，僵尸不介意。,,

TOWERDEFENSE_ZOMBIE_FLAG_NAME,摇旗僵尸,Flag Zombie,Flag Zombie
TOWERDEFENSE_ZOMBIE_FLAG_EXPRESTION,摇旗僵尸标志着即将来袭的一大群僵尸。,,
TOWERDEFENSE_ZOMBIE_FLAG_HANDBOOK_EXPRESTION,血量：[color=cc241d]370 + 270[/color]\n伤害：[color=cc241d]100/s[/color]\n佩戴：[color=cc241d]路障（一类）[/color]\n类型：[color=cc241d]小型僵尸[/color]\n移速：[color=cc241d]稍快（对比普通僵尸）[/color],,
TOWERDEFENSE_ZOMBIE_FLAG_HANDBOOK_STORY,无需置疑：摇旗僵尸喜爱脑子，但在私下里他也迷恋旗帜。或许是因为旗帜上也画有脑子吧，这很难说。,,

TOWERDEFENSE_ZOMBIE_CONEHEAD_NAME,路障僵尸,Conehead Zombie,Conehead Zombie
TOWERDEFENSE_ZOMBIE_CONEHEAD_EXPRESTION,他的路障头盔，使他比普通僵尸更能承受伤害,,
TOWERDEFENSE_ZOMBIE_CONEHEAD_HANDBOOK_EXPRESTION,血量：[color=cc241d]370 + 270[/color]\n伤害：[color=cc241d]100/s[/color]\n佩戴：[color=cc241d]路障（一类）[/color]\n类型：[color=cc241d]小型僵尸[/color]\n移速：[color=cc241d]慢[/color],,
TOWERDEFENSE_ZOMBIE_CONEHEAD_HANDBOOK_STORY,和其他僵尸一样，路障头僵尸盲目地向前。但某些事物却使他停下脚步，捡起一个交通路障，并固定在自己的脑袋上——是的，他很喜欢参加聚会。,,

TOWERDEFENSE_ZOMBIE_BUCKETHEAD_NAME,铁桶僵尸,Bucket Head Zombie,Bucket Head Zombie
TOWERDEFENSE_ZOMBIE_BUCKETHEAD_EXPRESTION,他的铁桶头盔，能极大程度的承受伤害。,,
TOWERDEFENSE_ZOMBIE_BUCKETHEAD_HANDBOOK_EXPRESTION,血量：[color=cc241d]1100 + 270[/color]\n伤害：[color=cc241d]100/s[/color]\n佩戴：[color=cc241d]铁桶（一类，铁器）[/color]\n类型：[color=cc241d]小型僵尸[/color]\n移速：[color=cc241d]慢[/color]\n弱点：[color=441D62]磁力菇[/color],,
TOWERDEFENSE_ZOMBIE_BUCKETHEAD_HANDBOOK_STORY,铁桶僵尸经常戴着水桶，在冷漠的世界里显得独一无二。但事实上，他只是忘记了那铁桶还在他头上而已。,,

TOWERDEFENSE_ZOMBIE_POLEVAULTING_NAME,撑杆僵尸,Pole Vauting Zombie,Pole Vauting Zombie
TOWERDEFENSE_ZOMBIE_POLEVAULTING_EXPRESTION,撑杆僵尸运用标杆跃过障碍物。,,
TOWERDEFENSE_ZOMBIE_POLEVAULTING_HANDBOOK_EXPRESTION,血量：[color=cc241d]500[/color]\n伤害：[color=cc241d]100/s[/color]\n佩戴：[color=cc241d]----[/color]\n类型：[color=cc241d]小型僵尸[/color]\n移速：[color=cc241d]快，跳跃后慢[/color]\n特点：[color=cc241d]跃过他所碰到的第一株植物[/color]\n弱点：[color=441D62]高坚果[/color],,
TOWERDEFENSE_ZOMBIE_POLEVAULTING_HANDBOOK_STORY,一些僵尸渴望走得更远、得到更多，这也促使他们由普通成为非凡。那就是撑杆僵尸。,,

TOWERDEFENSE_ZOMBIE_SCREEN_DOOR_NAME,铁栅门僵尸,Screen Door Zombie,Screen Door Zombie
TOWERDEFENSE_ZOMBIE_SCREEN_DOOR_EXPRESTION,他的铁栅门是有效的盾牌。,,
TOWERDEFENSE_ZOMBIE_SCREEN_DOOR_HANDBOOK_EXPRESTION,血量：[color=cc241d]1100（二类） + 270[/color]\n伤害：[color=cc241d]100/s[/color]\n佩戴：[color=cc241d]铁栅门（二类，铁器）[/color]\n类型：[color=cc241d]小型僵尸[/color]\n移速：[color=cc241d]慢[/color]\n弱点：[color=441D62]磁力菇、穿透攻击[/color],,
TOWERDEFENSE_ZOMBIE_SCREEN_DOOR_HANDBOOK_STORY,铁栅门僵尸上次拜访的房主防守并不专业，在吃掉那房主的脑子后拿走了他家的铁栅门。,,

TOWERDEFENSE_ZOMBIE_NEWSPAPER_NAME,读报僵尸,Newspaper zombie,Newspaper zombie
TOWERDEFENSE_ZOMBIE_NEWSPAPER_EXPRESTION,他的报纸只能提供有限的防御。,,
TOWERDEFENSE_ZOMBIE_NEWSPAPER_HANDBOOK_EXPRESTION,血量：[color=cc241d]150 + 270[/color]\n伤害：[color=cc241d]200/s[/color]\n佩戴：[color=cc241d]报纸（二类）[/color]\n类型：[color=cc241d]小型僵尸[/color]\n移速：[color=cc241d]普通，而后快（失去报纸后）[/color]\n弱点：[color=441D62]穿透攻击[/color],,
TOWERDEFENSE_ZOMBIE_NEWSPAPER_HANDBOOK_STORY,读报僵尸只差一点点就完成他的数独谜题了，难怪他会暴怒。,,

TOWERDEFENSE_ZOMBIE_FOOTBALL_NAME,橄榄球僵尸,Football Zombie,Football Zombie
TOWERDEFENSE_ZOMBIE_FOOTBALL_EXPRESTION,橄榄球僵尸的表演秀。,,
TOWERDEFENSE_ZOMBIE_FOOTBALL_HANDBOOK_EXPRESTION,血量：[color=cc241d]1400 + 270[/color]\n伤害：[color=cc241d]100/s[/color]\n佩戴：[color=cc241d]橄榄头盔（一类，铁器）[/color]\n类型：[color=cc241d]小型僵尸[/color]\n移速：[color=cc241d]快[/color]\n弱点：[color=441D62]磁力菇[/color],,
TOWERDEFENSE_ZOMBIE_FOOTBALL_HANDBOOK_STORY,在球场上，橄榄球僵尸表现出110%的激情。他善于与队友合作，进攻防守样样在行，虽然他完全不知道橄榄球是什么。,,

TOWERDEFENSE_ZOMBIE_BALLOON_NAME,气球僵尸,Balloon Zombie,Balloon Zombie
TOWERDEFENSE_ZOMBIE_BALLOON_EXPRESTION,气球僵尸漂浮在空中，躲过大多数攻击。,,
TOWERDEFENSE_ZOMBIE_BALLOON_HANDBOOK_EXPRESTION,血量：[color=cc241d]40 + 270[/color]\n伤害：[color=cc241d]100/s[/color]\n佩戴：[color=cc241d]气球（特殊）[/color]\n类型：[color=cc241d]飞行僵尸[/color]\n移速：[color=cc241d]慢[/color]\n特点：[color=cc241d]无[/color]\n弱点：[color=441D62]仙人掌、三叶草[/color],,
TOWERDEFENSE_ZOMBIE_BALLOON_HANDBOOK_STORY,气球僵尸真走运。气球有很多功效，而其他僵尸都不曾捡到过。,,

TOWERDEFENSE_ZOMBIE_SLEEP_NAME,小摔哥僵尸,Sleep Zombie,Sleep Zombie
TOWERDEFENSE_ZOMBIE_SLEEP_EXPRESTION,小摔哥僵尸讨厌早八！,,
TOWERDEFENSE_ZOMBIE_SLEEP_HANDBOOK_EXPRESTION,血量：[color=cc241d]500 + 270[/color]\n伤害：[color=cc241d]200/s[/color]\n佩戴：[color=cc241d]睡帽（一类）[/color]\n类型：[color=cc241d]小型僵尸[/color]\n移速：[color=cc241d]快[/color],,
TOWERDEFENSE_ZOMBIE_SLEEP_HANDBOOK_STORY,“我的雪橇在哪里？就没有企鹅和摩托车帮我吗？哦，至少雪怪还是有的。”小摔哥僵尸说完，就继续沉浸在梦乡里，殊不知他的床下一秒就要被打破了,,

TOWERDEFENSE_ZOMBIE_BED_NAME,床车僵尸,Bed zombie,Bed zombie
TOWERDEFENSE_ZOMBIE_BED_EXPRESTION,有时候僵尸只是不想起床！,,
TOWERDEFENSE_ZOMBIE_BED_HANDBOOK_EXPRESTION,血量：[color=cc241d]1400[/color]\n伤害：[color=cc241d]即死（碾压）[/color]\n佩戴：[color=cc241d]----[/color]\n类型：[color=cc241d]车类僵尸[/color]\n移速：[color=cc241d]快[/color]\n亡语：[color=cc241d]床车被破坏时，会使床上的小摔哥僵尸醒来[/color]\n弱点：[color=441D62]地刺[/color],,
TOWERDEFENSE_ZOMBIE_BED_HANDBOOK_STORY,博士最近貌似从游戏里得到了启发：他把一个僵尸洗脑，成功让他迷恋上了睡觉和滑雪。尽管这里根本就没有雪。,,

TOWERDEFENSE_ZOMBIE_BALLOONCOLOUR_NAME,多彩气球僵尸,Colorful Balloon Zombie,Colorful Balloon Zombie
TOWERDEFENSE_ZOMBIE_BALLOONCOLOUR_EXPRESTION,超级加倍的气球僵尸！,,
TOWERDEFENSE_ZOMBIE_BALLOONCOLOUR_HANDBOOK_EXPRESTION,血量：[color=cc241d]40*6 + 270[/color]\n伤害：[color=cc241d]100/s[/color]\n佩戴：[color=cc241d]多彩气球（特殊）[/color]\n类型：[color=cc241d]飞行僵尸[/color]\n移速：[color=cc241d]非常慢[/color]\n特点：[color=cc241d]初始拥有6个气球，气球每次只会被击落一个\n每被击落一个气球，飞行移速都会加快20%\n失去全部气球后落地[/color]\n弱点：[color=441D62]仙人掌，三叶草[/color],,
TOWERDEFENSE_ZOMBIE_BALLOONCOLOUR_HANDBOOK_STORY,多彩气球僵尸常年在游乐场和公园搜集气球，在他眼里气球似乎与脑子一样有吸引力。以至于自己宝贝的气球被打破时，他比谁都急着想要离开场地，却没注意到自己飞错了方向。,,

TOWERDEFENSE_ZOMBIE_POLESTRIKER_NAME,冲锋橄榄撑杆僵尸,Olive Polestalker,Olive Polestalker
TOWERDEFENSE_ZOMBIE_POLESTRIKER_EXPRESTION,橄榄球和撑杆，强强联合！,,
TOWERDEFENSE_ZOMBIE_POLESTRIKER_HANDBOOK_EXPRESTION,血量：[color=cc241d]1100 + 270[/color]\n伤害：[color=cc241d]200/s[/color]\n佩戴：[color=cc241d]橄榄头盔（一类，铁器）[/color]\n类型：[color=cc241d]小型僵尸[/color]\n移速：[color=cc241d]快[/color]\n特点：[color=cc241d]一次性跃过2格距离[/color]\n弱点：[color=441D62]磁力菇，高坚果[/color],,
TOWERDEFENSE_ZOMBIE_POLESTRIKER_HANDBOOK_STORY,冲锋橄榄撑杆僵尸曾向他的体育教练咨询自己未来的发展方向。\n“你的橄榄球和撑杆跳技术都只能拿50分，所以…”\n“等下，我没叫你把这两项运动结合！”,,

TOWERDEFENSE_ZOMBIE_SUNFLOWER_NAME,向日葵僵尸,Sunflower Zombie,Sunflower Zombie
TOWERDEFENSE_ZOMBIE_SUNFLOWER_EXPRESTION,向日葵僵尸会减少你的阳光。,,
TOWERDEFENSE_ZOMBIE_SUNFLOWER_HANDBOOK_EXPRESTION,血量：[color=cc241d]270[/color]\n伤害：[color=cc241d]100/s[/color]\n佩戴：[color=cc241d]----[/color]\n类型：[color=cc241d]小型僵尸[/color]\n速度：[color=cc241d]慢[/color]\n特点：[color=cc241d]每10秒生产一个脑光，扣除玩家25点阳光[/color],,
TOWERDEFENSE_ZOMBIE_SUNFLOWER_HANDBOOK_STORY,“我想融入向日葵群体，但她们都说我是阳光小偷。”向日葵僵尸向心理医生倾诉，“可我明明在生产阳光呀！”\n医生经过细致的诊断，最后联合眼科确诊：这家伙是个色盲。,,

TOWERDEFENSE_ZOMBIE_PEASHOOTER_NAME,豌豆僵尸,Peashooter,Peashooter
TOWERDEFENSE_ZOMBIE_PEASHOOTER_EXPRESTION,豌豆僵尸朴实无华，就像豌豆射手一样。,,
TOWERDEFENSE_ZOMBIE_PEASHOOTER_HANDBOOK_EXPRESTION,血量：[color=cc241d]270[/color]\n伤害：[color=cc241d]100/s（啃食） + 20/1.5s（射击）[/color]\n佩戴：[color=cc241d]----[/color]\n类型：[color=cc241d]小型僵尸[/color]\n速度：[color=cc241d]慢[/color]\n特点：[color=cc241d]当前方有非低矮植物时，发射豌豆攻击植物[/color],,
TOWERDEFENSE_ZOMBIE_PEASHOOTER_HANDBOOK_STORY,面对现在可怕的植物们，普通僵尸想念曾经的豌豆射手。他曾经有一次有机会吃到脑子，但是他本能的当成豌豆吐了出去。,,

TOWERDEFENSE_ZOMBIE_NUT_NAME,坚果僵尸,Nut Zombie,Nut Zombie
TOWERDEFENSE_ZOMBIE_NUT_EXPRESTION,据说这种僵尸跟坚果一样抗揍。,,
TOWERDEFENSE_ZOMBIE_NUT_HANDBOOK_EXPRESTION,血量：[color=cc241d]1370[/color]\n伤害：[color=cc241d]100/s[/color]\n佩戴：[color=cc241d]无[/color]\n类型：[color=cc241d]小型僵尸[/color]\n速度：[color=cc241d]慢[/color],,
TOWERDEFENSE_ZOMBIE_NUT_HANDBOOK_STORY,坚果僵尸喜爱保龄球，于是在路边捡了个保龄球头套戴在脑袋上。但没人告诉他那其实是个坚果。,,

TOWERDEFENSE_ZOMBIE_TALLNUT_NAME,高坚果僵尸,TallNut Zombie,TallNut Zombie
TOWERDEFENSE_ZOMBIE_TALLNUT_EXPRESTION,这家伙的脑袋比坚果僵尸更硬。,,
TOWERDEFENSE_ZOMBIE_TALLNUT_HANDBOOK_EXPRESTION,血量：[color=cc241d]2470[/color]\n伤害：[color=cc241d]100/s[/color]\n佩戴：[color=cc241d]无[/color]\n类型：[color=cc241d]小型僵尸[/color]\n速度：[color=cc241d]慢[/color],,
TOWERDEFENSE_ZOMBIE_TALLNUT_HANDBOOK_STORY,高坚果僵尸经常能听到其他僵尸的窃窃私语，他们在议论自己看起来“头重脚轻”。但高坚果僵尸其实并没有这种感觉，或许是因为他的头没有看上去那么重，又或许是因为他根本没脑子。,,

TOWERDEFENSE_ZOMBIE_JALAPENO_NAME,火爆辣椒僵尸,Hot Pepper Zombie,Hot Pepper Zombie
TOWERDEFENSE_ZOMBIE_JALAPENO_EXPRESTION,火爆辣椒僵尸具有强大的杀伤力！,,
TOWERDEFENSE_ZOMBIE_JALAPENO_HANDBOOK_EXPRESTION,血量：[color=cc241d]500[/color]\n伤害：[color=cc241d]100/s（啃食） 即死（火爆辣椒）[/color]\n佩戴：[color=cc241d]----[/color]\n类型：[color=cc241d]小型僵尸[/color]\n速度：[color=cc241d]慢[/color]\n特点：[color=cc241d]出场一段时间后自燃，释放火爆辣椒效果、烧掉一行植物[/color],,
TOWERDEFENSE_ZOMBIE_JALAPENO_HANDBOOK_STORY,火爆辣椒僵尸并不清楚自己头上是什么，或许是上次和朋友吃麻辣火锅的后果。但是他总感觉自己的头似乎不太好控制，他总想在某一刻释放自己为友谊牺牲的压力，这一刻他等了太久。,,

TOWERDEFENSE_ZOMBIE_SQUASH_NAME,窝瓜僵尸,Squash Zombie,Squash Zombie
TOWERDEFENSE_ZOMBIE_SQUASH_EXPRESTION,窝瓜僵尸会压扁他碰到的第一株植物,,
TOWERDEFENSE_ZOMBIE_SQUASH_HANDBOOK_EXPRESTION,血量：[color=cc241d]270[/color]\n伤害：[color=cc241d]即死（压扁）[/color]\n佩戴：[color=cc241d]----[/color]\n类型：[color=cc241d]小型僵尸[/color]\n速度：[color=cc241d]快[/color]\n特点：[color=cc241d]抛出脑袋压扁碰到的第一株植物[/color],,
TOWERDEFENSE_ZOMBIE_SQUASH_HANDBOOK_STORY,压扁一株植物总共分几步？窝瓜僵尸答：两步。\n第一步，冲到随便一个什么植物面前；第二步，“嗯？！”,,

TOWERDEFENSE_ZOMBIE_GATLINGPEA_NAME,机枪僵尸,Machine Gun Zombie,Machine Gun Zombie
TOWERDEFENSE_ZOMBIE_GATLINGPEA_EXPRESTION,机枪僵尸是豌豆僵尸的大哥！,,
TOWERDEFENSE_ZOMBIE_GATLINGPEA_HANDBOOK_EXPRESTION,血量：[color=cc241d]270[/color]\n伤害：[color=cc241d]100/s（啃食） + 20×4/1.5s（射击）[/color]\n佩戴：[color=cc241d]----[/color]\n类型：[color=cc241d]小型僵尸[/color]\n速度：[color=cc241d]慢[/color]\n特点：[color=cc241d]当前方有非低矮植物时，一次发射4颗豌豆攻击植物[/color],,
TOWERDEFENSE_ZOMBIE_GATLINGPEA_HANDBOOK_STORY,机枪僵尸很生气：曾经的他是那么威风，但据说越来越多僵尸都开始配备了机枪，这使他的威严黯然失色。他正在研究更厉害的狂野机枪。,,

TOWERDEFENSE_ZOMBIE_LMITATER_NAME,模仿者僵尸,Lmitater Zombie,Lmitater Zombie
TOWERDEFENSE_ZOMBIE_LMITATER_EXPRESTION,模仿者僵尸会模仿场上血量最高的其他僵尸。,,
TOWERDEFENSE_ZOMBIE_LMITATER_HANDBOOK_EXPRESTION,血量：[color=cc241d]500[/color]\n伤害：[color=cc241d]100/s[/color]\n佩戴：[color=cc241d]----[/color]\n类型：[color=cc241d]小型僵尸[/color]\n速度：[color=cc241d]慢[/color]\n特点：[color=cc241d]在场内时模仿当前场上血量最高的僵尸[/color],,
TOWERDEFENSE_ZOMBIE_LMITATER_HANDBOOK_STORY,作为僵尸界有名的喜剧演员，模仿者僵尸为“尸”随和，他会和其他僵尸一起叫自己的外号“茄子头”。“我不洗脸？拜托，模仿者本来就是【灰头土脸】的嘛！”,,

TOWERDEFENSE_ZOMBIE_WILDPEA_NAME,狂野机枪僵尸,Wild Gun Zombie,Wild Gun Zombie
TOWERDEFENSE_ZOMBIE_WILDPEA_EXPRESTION,狂野机枪僵尸拥有碾压般的子弹输出！,,
TOWERDEFENSE_ZOMBIE_WILDPEA_HANDBOOK_EXPRESTION,血量：[color=cc241d]500[/color]\n伤害：[color=cc241d]100/s（啃食） + 20×4×5/1.5s（射击）[/color]\n佩戴：[color=cc241d]----[/color]\n类型：[color=cc241d]小型僵尸[/color]\n速度：[color=cc241d]慢[/color]\n特点：[color=cc241d]当前方有非低矮植物时每次向五个方向发射4颗散射的豌豆[/color],,
TOWERDEFENSE_ZOMBIE_WILDPEA_HANDBOOK_STORY,狂野，是狂野机枪僵尸最自豪的绰号，“看到我的脑袋了吗？，它能让你深刻体会到什么叫做狂！”,,

TOWERDEFENSE_ZOMBIE_DARKFOOTBALL_NAME,暗黑橄榄球僵尸,Dark football zombie,Dark football zombie
TOWERDEFENSE_ZOMBIE_DARKFOOTBALL_EXPRESTION,暗黑橄榄球僵尸是橄榄球僵尸的队长。,,
TOWERDEFENSE_ZOMBIE_DARKFOOTBALL_HANDBOOK_EXPRESTION,血量：[color=cc241d]3000 + 270[/color]\n伤害：[color=cc241d]200/s[/color]\n佩戴：[color=cc241d]黑橄榄头盔（一类，铁器）[/color]\n类型：[color=cc241d]小型僵尸[/color]\n速度：[color=cc241d]快[/color]\n弱点：[color=441D62]磁力菇[/color],,
TOWERDEFENSE_ZOMBIE_DARKFOOTBALL_HANDBOOK_STORY,在球场上，暗黑橄榄球僵尸身为队长，总是能表现出300%的热情。他对防守和进攻了如指掌，虽然他还是不懂橄榄球。,,

TOWERDEFENSE_ZOMBIE_GARGANTUAR_NAME,伽刚特尔,Gargantuar,Gargantuar
TOWERDEFENSE_ZOMBIE_GARGANTUAR_EXPRESTION,伽刚特尔是一种巨型僵尸。,,
TOWERDEFENSE_ZOMBIE_GARGANTUAR_HANDBOOK_EXPRESTION,血量：[color=cc241d]3000[/color]\n伤害：[color=cc241d]即死（锤击）[/color]\n佩戴：[color=cc241d]----[/color]\n类型：[color=cc241d]大型僵尸[/color]\n速度：[color=cc241d]非常慢[/color]\n特性：[color=C71585]锤扁植物[/color]\n特点：[color=cc241d]低于一定血量时会丢出小鬼僵尸[/color],,
TOWERDEFENSE_ZOMBIE_GARGANTUAR_HANDBOOK_STORY,当伽刚特尔走动的时候，大地在震颤。当他悲叹的时候，其他僵尸都为之沉默。他是僵尸们梦想成为的偶像，不过他到现在还没交到女朋友。,,

TOWERDEFENSE_ZOMBIE_GARGANTUAR_PRESENTBOX_NAME,礼盒伽刚特尔,Gargantuar presentbox,Gargantuar presentbox
TOWERDEFENSE_ZOMBIE_GARGANTUAR_PRESENTBOX_EXPRESTION,买一送一的超大号“惊喜”。,,
TOWERDEFENSE_ZOMBIE_GARGANTUAR_PRESENTBOX_HANDBOOK_EXPRESTION,血量：[color=cc241d]3000[/color]\n伤害：[color=cc241d]即死（锤击）[/color]\n佩戴：[color=cc241d]----[/color]\n类型：[color=cc241d]大型僵尸[/color]\n速度：[color=cc241d]非常慢[/color]\n特性：[color=C71585]锤扁植物[/color]\n特点：[color=cc241d]低于一定血量时会丢出小鬼僵尸[/color]\n亡语：[color=cc241d]在死亡位置生成一只随机巨人/巨大体型僵尸，巨大僵尸数值翻倍[/color],,
TOWERDEFENSE_ZOMBIE_GARGANTUAR_PRESENTBOX_HANDBOOK_STORY,伽刚特尔和小鬼僵尸每年圣诞节都会互换礼物。为了第一时间给他的兄弟惊喜，伽刚特尔把礼盒放到了小鬼一眼就能看得到的地方——他的头上。但他没想到小鬼也这么做了，现在他们谁都看不见对方准备的礼物了。,,

TOWERDEFENSE_ZOMBIE_GARGANTUAR_REDEYE_NAME,暴走伽刚特尔,Gargantuar,Gargantuar
TOWERDEFENSE_ZOMBIE_GARGANTUAR_REDEYE_EXPRESTION,红眼伽刚特尔，双倍防御，双倍的威胁！,,
TOWERDEFENSE_ZOMBIE_GARGANTUAR_REDEYE_HANDBOOK_EXPRESTION,血量：[color=cc241d]6000[/color]\n伤害：[color=cc241d]即死（锤击）[/color]\n佩戴：[color=cc241d]----[/color]\n类型：[color=cc241d]大型僵尸[/color]\n速度：[color=cc241d]非常慢[/color]\n特性：[color=C71585]锤扁植物[/color]\n特点：[color=cc241d]低于一定血量时会丢出小鬼僵尸[/color],,
TOWERDEFENSE_ZOMBIE_GARGANTUAR_REDEYE_HANDBOOK_STORY,“红眼巨人”是暴走伽刚特尔的别称。他是僵尸界的巨无霸，拥有令僵尸们无比仰慕的力量…然而他还是没交到女朋友。,,

TOWERDEFENSE_ZOMBIE_IMP_NAME,小鬼僵尸,Imp zombie,Imp zombie
TOWERDEFENSE_ZOMBIE_IMP_EXPRESTION,一种小型的僵尸，由伽刚特尔扔进你的防线。,,
TOWERDEFENSE_ZOMBIE_IMP_HANDBOOK_EXPRESTION,血量：[color=cc241d]270[/color]\n伤害：[color=cc241d]100/s[/color]\n佩戴：[color=cc241d]----[/color]\n类型：[color=cc241d]超小型僵尸[/color]\n速度：[color=cc241d]慢[/color],,
TOWERDEFENSE_ZOMBIE_IMP_HANDBOOK_STORY,小鬼僵尸虽然瘦小，但是结实。它精通僵尸柔道、僵尸空手道、僵尸徒手斗殴。另外，他还会吹口风琴。,,

TOWERDEFENSE_ZOMBIE_IMP_PRESENTBOX_NAME,礼盒小鬼僵尸,Imp presentbox zombie,Imp presentbox zombie
TOWERDEFENSE_ZOMBIE_IMP_PRESENTBOX_EXPRESTION,迷你款礼盒僵尸，通过投掷空降到你的防线中间。,,
TOWERDEFENSE_ZOMBIE_IMP_PRESENTBOX_HANDBOOK_EXPRESTION,血量：[color=cc241d]270[/color]\n伤害：[color=cc241d]100/s[/color]\n佩戴：[color=cc241d]----[/color]\n类型：[color=cc241d]小型僵尸[/color]\n速度：[color=cc241d]慢[/color]\n亡语：[color=cc241d]在死亡位置生成一只随机小鬼/迷你体型僵尸，迷你僵尸数值减半[/color],,
TOWERDEFENSE_ZOMBIE_IMP_PRESENTBOX_HANDBOOK_STORY,小鬼僵尸本来只是想给伽刚特尔准备圣诞礼物，但他不小心把礼盒卡在头上取不下来了。他试图向伽刚特尔寻求帮助，但他的兄弟似乎完全没看到——为啥呢？,,

TOWERDEFENSE_ZOMBIE_LADDER_NAME,扶梯僵尸,Escalator Zombie,Escalator Zombie
TOWERDEFENSE_ZOMBIE_LADDER_EXPRESTION,扶梯僵尸的梯子可以让僵尸们爬过面前的障碍物。,,
TOWERDEFENSE_ZOMBIE_LADDER_HANDBOOK_EXPRESTION,血量：[color=cc241d]500 + 500[/color]\n伤害：[color=cc241d]100/s[/color]\n佩戴：[color=cc241d]扶梯（二类，铁器）[/color]\n类型：[color=cc241d]小型僵尸[/color]\n速度：[color=cc241d]快，而后慢（放下梯子后）[/color]\n特点：[color=cc241d]在防御植物身上放置梯子，帮助僵尸翻越该植物[/color]\n弱点：[color=441D62]穿透攻击，磁力菇[/color],,
TOWERDEFENSE_ZOMBIE_LADDER_HANDBOOK_STORY,这架梯子花了他八块九毛九。,,

TOWERDEFENSE_ZOMBIE_SHADOW_NAME,影子僵尸,Shadow Zombie,Shadow Zombie
TOWERDEFENSE_ZOMBIE_SHADOW_EXPRESTION,影子僵尸的影子会在本体倒下后继续前进。,,
TOWERDEFENSE_ZOMBIE_SHADOW_HANDBOOK_EXPRESTION,血量：[color=cc241d]500[/color]\n伤害：[color=cc241d]100/s[/color]\n佩戴：[color=cc241d]----[/color]\n类型：[color=cc241d]小型僵尸[/color]\n速度：[color=cc241d]慢[/color]\n特点：[color=cc241d]死亡时在该僵尸的前方召唤一个僵尸影子[/color]\n僵尸影子：[color=cc241d]血量：270 伤害：100/s 速度：快 无视控制与植物[/color],,
TOWERDEFENSE_ZOMBIE_SHADOW_HANDBOOK_STORY,所有僵尸都有自己的影子，但他们更加羡慕影子僵尸的影子，因为他的影子总是能够自由移动，而且很板正。“想知道为什么吗，因为身正不怕影子斜。”影子僵尸如是说。,,

TOWERDEFENSE_ZOMBIE_JACKSON_NAME,舞王僵尸,Dancing Zombie,Dancing Zombie
TOWERDEFENSE_ZOMBIE_JACKSON_EXPRESTION,舞王僵尸和人类（在世或者不朽的）如有雷同，纯属巧合。,,
TOWERDEFENSE_ZOMBIE_JACKSON_HANDBOOK_EXPRESTION,血量：[color=cc241d]3000 + 500[/color]\n伤害：[color=cc241d]100/s[/color]\n可能佩戴：[color=cc241d]黑橄榄头盔（一类，铁器）[/color]\n类型：[color=cc241d]小型僵尸[/color]\n移速：[color=cc241d]快（出场），而后慢（召唤后）[/color]\n特点：[color=cc241d]入场后原地召唤4名伴舞僵尸（佩戴黑橄榄头盔时召唤路障伴舞僵尸）[/color],,
TOWERDEFENSE_ZOMBIE_JACKSON_HANDBOOK_STORY,舞王僵尸发布的最新唱片“抓住脑子啃啊啃”在僵尸界的人气正急速飙升。,,

TOWERDEFENSE_ZOMBIE_BACKUPDANCER_NAME,伴舞僵尸,Backup Dancer Zombie,Backup Dancer Zombie
TOWERDEFENSE_ZOMBIE_BACKUPDANCER_EXPRESTION,当舞王僵尸摇摆时，四名伴舞粉墨登场。,,
TOWERDEFENSE_ZOMBIE_BACKUPDANCER_HANDBOOK_EXPRESTION,血量：[color=cc241d]370 + 270[/color]\n伤害：[color=cc241d]100/s[/color]\n可能佩戴：[color=cc241d]路障（一类，仅限被黑橄榄舞王召唤时佩戴）[/color]\n类型：[color=cc241d]小型僵尸[/color]\n移速：[color=cc241d]慢[/color],,
TOWERDEFENSE_ZOMBIE_BACKUPDANCER_HANDBOOK_STORY,伴舞僵尸曾在位于僵尸纽约城的“咀利牙”表演艺术学院钻研过六年的舞技。,,

TOWERDEFENSE_ZOMBIE_DISCO_NAME,迪斯科僵尸,Disco Zombie,Disco Zombie
TOWERDEFENSE_ZOMBIE_DISCO_EXPRESTION,迪斯科僵尸和人类(在世或者不朽的)如有雷同，纯属巧合。,,
TOWERDEFENSE_ZOMBIE_DISCO_HANDBOOK_EXPRESTION,血量：[color=cc241d]500[/color]\n伤害：[color=cc241d]100/s[/color]\n佩戴：[color=cc241d]----[/color]\n类型：[color=cc241d]小型僵尸[/color]\n移速：[color=cc241d]快（出场），而后慢（召唤后）[/color]\n特点：[color=cc241d]入场后原地召唤4名舞者僵尸[/color],,
TOWERDEFENSE_ZOMBIE_DISCO_HANDBOOK_STORY,迪斯科僵尸参与的最新唱片“抓住脑子咬啊咬”在僵尸界的人气正急速飙升。,,

TOWERDEFENSE_ZOMBIE_BACKUP_NAME,舞者僵尸,DancerZombie,Dancer Zombie
TOWERDEFENSE_ZOMBIE_BACKUP_EXPRESTION,当迪斯科僵尸摇摆时，四名舞者结伙出现。,,
TOWERDEFENSE_ZOMBIE_BACKUP_HANDBOOK_EXPRESTION,血量：[color=cc241d]270[/color]\n伤害：[color=cc241d]100/s[/color]\n佩戴：[color=cc241d]----[/color]\n类型：[color=cc241d]小型僵尸[/color]\n移速：[color=cc241d]慢[/color],,
TOWERDEFENSE_ZOMBIE_BACKUP_HANDBOOK_STORY,舞者僵尸曾在位于僵尸纽约城的“咀利牙”表演艺术学院钻研过四年的舞技。,,

TOWERDEFENSE_ZOMBIE_POLESTRIKER_NAME,冲锋橄榄撑杆僵尸,Olive Polestalker,Olive Polestalker
TOWERDEFENSE_ZOMBIE_POLESTRIKER_EXPRESTION,橄榄球和撑杆，强强联合！,,
TOWERDEFENSE_ZOMBIE_POLESTRIKER_HANDBOOK_EXPRESTION,血量：[color=cc241d]1400 + 270[/color]\n伤害：[color=cc241d]200/s[/color]\n佩戴：[color=cc241d]橄榄头盔（一类，铁器）[/color]\n类型：[color=cc241d]小型僵尸[/color]\n移速：[color=cc241d]快[/color]\n特点：[color=cc241d]一次性跃过2格距离[/color]\n弱点：[color=441D62]磁力菇，高坚果[/color],,
TOWERDEFENSE_ZOMBIE_POLESTRIKER_HANDBOOK_STORY,冲锋橄榄撑杆僵尸曾向他的体育教练咨询自己未来的发展方向。\n“你的橄榄球和撑杆跳技术都只能拿50分，所以…”\n“等下，我没叫你把这两项运动结合！”,,

TOWERDEFENSE_ZOMBIE_DIGGER_NAME,矿工僵尸,Digger Zombie,Digger Zombie
TOWERDEFENSE_ZOMBIE_DIGGER_EXPRESTION,这种僵尸会挖地绕过你的防御。,,
TOWERDEFENSE_ZOMBIE_DIGGER_HANDBOOK_EXPRESTION,血量：[color=cc241d]100 + 270[/color]\n伤害：[color=cc241d]100/s[/color]\n佩戴：[color=cc241d]矿工头盔（一类）[/color]\n类型：[color=cc241d]矿工僵尸[/color]\n速度：[color=cc241d]快，而后慢（出土后）[/color]\n特点：[color=cc241d]挖地绕过你的前排植物，最左侧出土后反向行走[/color]\n弱点：[color=441D62]磁力菇[/color],,
TOWERDEFENSE_ZOMBIE_DIGGER_HANDBOOK_STORY,矿工僵尸每周花费三天时间申请他的挖掘许可证。,,

TOWERDEFENSE_ZOMBIE_BUNGEE_NAME,蹦极僵尸,Digger Zombie,Digger Zombie
TOWERDEFENSE_ZOMBIE_BUNGEE_EXPRESTION,蹦极僵尸从天而降，偷走你的植物。,,
TOWERDEFENSE_ZOMBIE_BUNGEE_HANDBOOK_EXPRESTION,血量：[color=cc241d]450[/color]\n伤害：[color=cc241d]即死（抓取）[/color]\n佩戴：[color=cc241d]----[/color]\n类型：[color=cc241d]小型僵尸[/color]\n特点：[color=cc241d]从天而降，停留一段时间后窃取你的植物[/color]\n弱点：[color=441D62]叶子保护伞[/color],,
TOWERDEFENSE_ZOMBIE_BUNGEE_HANDBOOK_STORY,蹦极僵尸最爱冒险。毕竟，如果你不再活着，那再体验次死亡又有何妨呢？,,

TOWERDEFENSE_ZOMBIE_ZOMBONI_NAME,雪橇车僵尸,Sledge Zombie,Sledge Zombie
TOWERDEFENSE_ZOMBIE_ZOMBONI_EXPRESTION,雪橇车僵尸碾过你的植物，并留下一条冰道。,,
TOWERDEFENSE_ZOMBIE_ZOMBONI_HANDBOOK_EXPRESTION,血量：[color=cc241d]1350[/color]\n伤害：[color=cc241d]即死（碾压）[/color]\n佩戴：[color=cc241d]----[/color]\n类型：[color=cc241d]车类僵尸[/color]\n速度：[color=cc241d]慢[/color]\n特点：[color=cc241d]碾压植物，留下不可种植的冰道[/color]\n弱点：[color=441D62]地刺[/color],,
TOWERDEFENSE_ZOMBIE_ZOMBONI_HANDBOOK_STORY,经常被误以为是驾驶着造冰车的僵尸，但事实上雪橇车僵尸是一种完全不同的生物形式，他与太空兽人的联系更紧密。,,

TOWERDEFENSE_ZOMBIE_YETIDIGGER_NAME,矿工雪人僵尸,Yeti Digger Zombie,Yeti Digger Zombie
TOWERDEFENSE_ZOMBIE_YETIDIGGER_EXPRESTION,雪人僵尸改行挖钻石了！,,
TOWERDEFENSE_ZOMBIE_YETIDIGGER_HANDBOOK_EXPRESTION,血量：[color=cc241d]100 + 800[/color]\n伤害：[color=cc241d]100/s[/color]\n佩戴：[color=cc241d]矿工头盔（一类）[/color]\n类型：[color=cc241d]矿工僵尸[/color]\n速度：[color=cc241d]快，而后慢（出土后）[/color]\n特点：[color=cc241d]挖地道，从第2列出来反向走10秒后再次转向[/color]\n亡语：[color=cc241d]死亡后掉落1枚随机种类货币（银币80%，金币18%，钻石2%）[/color],,
TOWERDEFENSE_ZOMBIE_YETIDIGGER_HANDBOOK_STORY,在寒冷的雪山上不停的挖矿，直到自己头发灰白。他之前在沙漠采金矿就丢了一只靴子，这下好了，两只全丢了。他不得不找矿工僵尸又借了一双新鞋子。,,

TOWERDEFENSE_ZOMBIE_ARMORED_GARGANTUAR_NAME,武装伽刚特尔,Armored Gargantuar,Armored Gargantuar
TOWERDEFENSE_ZOMBIE_ARMORED_GARGANTUAR_EXPRESTION,全副武装的伽刚特尔！,,
TOWERDEFENSE_ZOMBIE_ARMORED_GARGANTUAR_HANDBOOK_EXPRESTION,血量：[color=cc241d](1100/2200) + (1100/3000) + 3000[/color]\n伤害：[color=cc241d]即死（锤击）[/color]\n佩戴：[color=cc241d]铁桶/黑橄榄头盔/废稿头盔（一类，铁器） & 铁栅门/防爆门（二类，铁器）[/color]\n类型：[color=cc241d]大型僵尸[/color]\n速度：[color=cc241d]非常慢[/color]\n特性：[color=C71585]锤扁植物[/color]\n特点：[color=cc241d]低于一定血量时会丢出小鬼僵尸；当佩戴废稿头盔时，免疫控制[/color]\n弱点：[color=441D62]磁力菇（所有可佩戴防具均为铁器）[/color],,
TOWERDEFENSE_ZOMBIE_ARMORED_GARGANTUAR_HANDBOOK_STORY,伽刚特尔本就是僵尸中的精锐，能够被授予武装的伽刚特尔更是精锐中的精锐。不过武装伽刚特尔似乎仍然不开心，毕竟这身装备不能帮他交到女朋友。,,

TOWERDEFENSE_ZOMBIE_DUCK_NAME,小黄鸭僵尸,Yellow Duck Zombie,Yellow Duck Zombie
TOWERDEFENSE_ZOMBIE_DUCK_EXPRESTION,小黄鸭批发商！,,
TOWERDEFENSE_ZOMBIE_DUCK_HANDBOOK_EXPRESTION,血量：[color=cc241d]270[/color]\n伤害：[color=cc241d]100/s[/color]\n佩戴：[color=cc241d]----[/color]\n速度：[color=cc241d]慢[/color]\n亡语：[color=cc241d]死亡后留下一个500血量的游泳圈，游泳圈能阻挡平射子弹[/color],,
TOWERDEFENSE_ZOMBIE_DUCK_HANDBOOK_STORY,“你为什么总是扎着双马尾？”这是僵尸们对小黄鸭僵尸最多的疑问。小黄鸭僵尸没有对此做出过多解释，他认为保留儿时的童心是非常重要的，只不过他常常忘记带回他的黄鸭游泳圈。,,

TOWERDEFENSE_ZOMBIE_SNORKLE_NAME,潜水僵尸,Snorkel Zombie,Snorkel Zombie
TOWERDEFENSE_ZOMBIE_SNORKLE_EXPRESTION,潜水僵尸可以在水下潜行。,,
TOWERDEFENSE_ZOMBIE_SNORKLE_HANDBOOK_EXPRESTION,血量：[color=cc241d]270[/color]\n伤害：[color=cc241d]100/s[/color]\n佩戴：[color=cc241d]----[/color]\n类型：[color=cc241d]小型僵尸[/color]\n速度：[color=cc241d]快[/color]\n特点：[color=cc241d]潜水避开直线攻击，遇到植物时会上浮啃咬并暴露自己[/color],,
TOWERDEFENSE_ZOMBIE_SNORKLE_HANDBOOK_STORY,僵尸不呼吸，他们不需要空气，那么为什么潜水僵尸还需要一套噱头的潜水装置来潜水呢？答案：同行的压力。,,

TOWERDEFENSE_ZOMBIE_DOLPHINSN_NAME,潜水海豚僵尸,Snorkel Zombie,Snorkel Zombie
TOWERDEFENSE_ZOMBIE_DOLPHINSN_EXPRESTION,海豚骑士僵尸迷上了潜水！,,
TOWERDEFENSE_ZOMBIE_DOLPHINSN_HANDBOOK_EXPRESTION,血量：[color=cc241d]500[/color]\n伤害：[color=cc241d]150/s（挥砍）或 100/s（啃食）[/color]\n佩戴：[color=cc241d]----[/color]\n类型：[color=cc241d]小型僵尸[/color]\n速度：[color=cc241d]快，跳跃后慢[/color]\n特点：[color=cc241d]骑乘海豚跃过碰到的第一株植物，随后丢弃海豚\n越过植物前后均处于潜水状态，遇到植物时会上浮啃咬并暴露自己[/color],,
TOWERDEFENSE_ZOMBIE_DOLPHINSN_HANDBOOK_STORY,为了在水下骑乘海豚，海豚骑士借来了一套潜水装备。虽然没有多余的面罩留给他的海豚，但他并不担心海豚会被淹死——诚然海豚需要呼吸，但别忘了，那海豚也是个僵尸。,,

TOWERDEFENSE_ZOMBIE_DOLPHINRIDER_NAME,海豚骑士僵尸,Snorkel Zombie,Snorkel Zombie
TOWERDEFENSE_ZOMBIE_DOLPHINRIDER_EXPRESTION,海豚骑士僵尸善于利用你水池防御的弱点。,,
TOWERDEFENSE_ZOMBIE_DOLPHINRIDER_HANDBOOK_EXPRESTION,血量：[color=cc241d]500[/color]\n伤害：[color=cc241d]150/s（挥砍）或 100/s（啃食）[/color]\n佩戴：[color=cc241d]----[/color]\n类型：[color=cc241d]小型僵尸[/color]\n速度：[color=cc241d]快，跳跃后慢[/color]\n特点：[color=cc241d]骑乘海豚跃过碰到的第一株植物，随后丢弃海豚[/color]\n弱点：[color=441D62]高坚果[/color],,
TOWERDEFENSE_ZOMBIE_DOLPHINRIDER_HANDBOOK_STORY,那海豚其实也是个僵尸。,,

TOWERDEFENSE_ZOMBIE_GATLINGDOLPHINRIDER_NAME,机枪海豚僵尸,Snorkel Zombie,Snorkel Zombie
TOWERDEFENSE_ZOMBIE_GATLINGDOLPHINRIDER_EXPRESTION,机枪海豚僵尸归来了，所有僵尸——都闪开！,,
TOWERDEFENSE_ZOMBIE_GATLINGDOLPHINRIDER_HANDBOOK_EXPRESTION,血量：[color=cc241d]500[/color]\n伤害：[color=cc241d]150/s（挥砍）或 100/s（啃食）+ 20x4/1.5s（射击）[/color]\n佩戴：[color=cc241d]----[/color]\n类型：[color=cc241d]小型僵尸[/color]\n速度：[color=cc241d]快，跳跃后慢[/color]\n特点：[color=cc241d]发射四颗豌豆攻击植物，并能够跃过碰到的第一株植物[/color]\n弱点：[color=441D62]高坚果[/color],,
TOWERDEFENSE_ZOMBIE_GATLINGDOLPHINRIDER_HANDBOOK_STORY,没有人知道那个海豚为啥也是僵尸，这点机枪海豚僵尸也不清楚。他从一开始就抱着这个玩意行走江湖，除了给这个海豚找到归属外，还寻找着自己头上那个头盔的由来。其实这些都是其他僵尸送给他的生日礼物，他忘记了而已。,,

TOWERDEFENSE_ZOMBIE_SEADEMON_NAME,海妖僵尸,Sea Demon Zombie,Sea Demon Zombie
TOWERDEFENSE_ZOMBIE_SEADEMON_EXPRESTION,水中精英，能召唤缠绕潜水僵尸作战。,,
TOWERDEFENSE_ZOMBIE_SEADEMON_HANDBOOK_EXPRESTION,血量：[color=cc241d]4000[/color]\n伤害：[color=cc241d]300/s[/color]\n佩戴：[color=cc241d]----[/color]\n类型：[color=cc241d]小型僵尸[/color]\n速度：[color=cc241d]慢[/color]\n特性：[color=C71585]免疫常规海草与魅惑效果、免疫控制效果[/color]\n特点：[color=cc241d]每15秒在本行和上下两行召唤3只缠绕潜水僵尸（每行一只）[/color],,
TOWERDEFENSE_ZOMBIE_SEADEMON_HANDBOOK_STORY,海妖僵尸觉得自己生前是强大的海妖，为此他甚至偷走了邻居的干草叉，但其他僵尸都知道，他只不过是个曾经多次被缠绕水草拖下水的倒霉蛋。最让其他僵尸受不了的是，他最近开始练习唱歌了…,,

TOWERDEFENSE_ZOMBIE_TANGLEKELPSNORKLE_NAME,缠绕潜水僵尸,Tangled Seaweed Zombie,Tangled Seaweed Zombie
TOWERDEFENSE_ZOMBIE_TANGLEKELPSNORKLE_EXPRESTION,缠绕潜水僵尸能够将你的植物拖下水。,,
TOWERDEFENSE_ZOMBIE_TANGLEKELPSNORKLE_HANDBOOK_EXPRESTION,血量：[color=cc241d]270[/color]\n伤害：[color=cc241d]即死（拖拽，在水中）或100/s（啃食，在陆上）[/color]\n佩戴：[color=cc241d]----[/color]\n类型：[color=cc241d]小型僵尸[/color]\n速度：[color=cc241d]快[/color]\n特点：[color=cc241d]潜水，接近植物后将其拖下水，随后自己也消失[/color],,
TOWERDEFENSE_ZOMBIE_TANGLEKELPSNORKLE_HANDBOOK_STORY,潜水僵尸讨厌缠绕水草，他更讨厌自己现在的样子。,,

TOWERDEFENSE_ZOMBIE_DUCKRIDER_NAME,骑鸭僵尸,Zombie Duckrider,Zombie Duckrider
TOWERDEFENSE_ZOMBIE_DUCKRIDER_EXPRESTION,骑鸭僵尸能够承载一个僵尸，踩过你的植物。,,
TOWERDEFENSE_ZOMBIE_DUCKRIDER_HANDBOOK_EXPRESTION,血量：[color=cc241d]800 + 270[/color]\n伤害：[color=cc241d]即死（碾压） / 100/s（啃食）[/color]\n佩戴：[color=cc241d]大黄鸭（二类）+ 铁桶（一类）/ 路障（一类）[/color]\n类型：[color=cc241d]车类僵尸，失去大黄鸭后变为小型僵尸[/color]\n特点：[color=cc241d]骑鸭僵尸概率会佩戴铁桶和路障，在骑乘状态下会碾压碰到的植物，并能承载一个遇到的小型僵尸[/color]\n亡语：[color=cc241d]骑乘和被承载的僵尸脱离大黄鸭继续前行[/color],,
TOWERDEFENSE_ZOMBIE_DUCKRIDER_HANDBOOK_STORY,骑鸭僵尸顺走其他僵尸的装备，拼凑出了他的坐骑。他很乐意让别人搭一程顺风车，除非你说他的坐骑是一只鸭子——因为他以为这是一只鸵鸟。,,

TOWERDEFENSE_ZOMBIE_JACKBOX_NAME,玩偶匣僵尸,Toy Box Zombie,Toy Box Zombie
TOWERDEFENSE_ZOMBIE_JACKBOX_EXPRESTION,这种僵尸带着个会爆炸的潘多拉匣子。,,
TOWERDEFENSE_ZOMBIE_JACKBOX_HANDBOOK_EXPRESTION,血量：[color=cc241d]500[/color]\n伤害：[color=cc241d]100/s[/color]\n佩戴：[color=cc241d]玩偶匣（特殊，铁器）[/color]\n类型：[color=cc241d]小型僵尸[/color]\n移速：[color=cc241d]慢[/color]\n特点：[color=cc241d]出场一段时间后爆炸[/color]\n弱点：[color=441D62]磁力菇[/color],,
TOWERDEFENSE_ZOMBIE_JACKBOX_HANDBOOK_STORY,这种僵尸颤抖着，不是因为他冷，而是因为他疯。,,

TOWERDEFENSE_ZOMBIE_SNOWPEA_NAME,寒冰射手僵尸,SnowPea Zombie,SnowPea Zombie
TOWERDEFENSE_ZOMBIE_SNOWPEA_EXPRESTION,向你的防线发射寒冰子弹。,,
TOWERDEFENSE_ZOMBIE_SNOWPEA_HANDBOOK_EXPRESTION,血量：[color=cc241d]270[/color]\n伤害：[color=cc241d]100/s（啃食） + 20/1.5s（射击）[/color]\n佩戴：[color=cc241d]----[/color]\n类型：[color=cc241d]小型僵尸[/color]\n速度：[color=cc241d]慢[/color]\n特点：[color=cc241d]当前方有非低矮植物时，发射寒冰豌豆，攻击并减速植物[/color],,
TOWERDEFENSE_ZOMBIE_SNOWPEA_HANDBOOK_STORY,寒冰射手僵尸非常害怕现在的杂交植物们。他瑟瑟发抖，不禁打了个寒颤。,,

TOWERDEFENSE_ZOMBIE_PRESENTBOX_NAME,抽奖盒子僵尸,PresentBox Zombie,PresentBox Zombie
TOWERDEFENSE_ZOMBIE_PRESENTBOX_EXPRESTION,盒子里藏着别样的惊喜。,,
TOWERDEFENSE_ZOMBIE_PRESENTBOX_HANDBOOK_EXPRESTION,血量：[color=cc241d]270[/color]\n伤害：[color=cc241d]100/s[/color]\n佩戴：[color=cc241d]----[/color]\n类型：[color=cc241d]小型僵尸[/color]\n速度：[color=cc241d]慢[/color]\n亡语：[color=cc241d]在死亡位置生成一只随机僵尸[/color],,
TOWERDEFENSE_ZOMBIE_PRESENTBOX_HANDBOOK_STORY,抽奖盒子僵尸不知道自己头顶是什么东西，这个盒子从未开启过，但他预感它一旦打开，可能会放出什么东西。他不清楚那时的自己还算不算自己，但当他踏上草坪时，总有那么一瞬间，他会突然希望有谁将盒子打开。,,

TOWERDEFENSE_ZOMBIE_CAT_NAME,猫战士僵尸,Zombie Cat,Zombie Cat
TOWERDEFENSE_ZOMBIE_CAT_EXPRESTION,灵活的猫战士，会通过肩炮发射追踪攻击！,,
TOWERDEFENSE_ZOMBIE_CAT_HANDBOOK_EXPRESTION,血量：[color=cc241d]1400 + 500[/color]\n伤害：[color=cc241d]200/s（啃食） + 20×2/1.5s（射击）[/color]\n佩戴：[color=cc241d]猫战士头盔（一类，铁器）[/color]\n速度：[color=cc241d]快[/color]\n特点：[color=cc241d]①每1.5秒发射两枚追踪尖刺，对最近的植物造成20×2点伤害\n②每次遇到植物或魅惑僵尸会立即换行躲避[/color],,
TOWERDEFENSE_ZOMBIE_CAT_HANDBOOK_STORY,猫战士从不脱下他的面具。“我是猫，猫的反应速度是僵尸的7倍。”作为肉食爱好者，他认为这样能帮助自己更早避开难吃的植物。,,

TOWERDEFENSE_ZOMBIE_SHIELDARMOR_NAME,防爆门僵尸,Zombie Shield,Zombie Shield
TOWERDEFENSE_ZOMBIE_SHIELDARMOR_EXPRESTION,全副武装，手持阻挡实体穿透子弹并完全免疫灰烬的盾牌。,,
TOWERDEFENSE_ZOMBIE_SHIELDARMOR_HANDBOOK_EXPRESTION,血量：[color=cc241d]2200 + 500 + 500[/color]\n伤害：[color=cc241d]100/s[/color]\n佩戴：[color=cc241d]防爆头盔（一类，铁器）、防爆门（二类，铁器）[/color]\n速度：[color=cc241d]慢[/color]\n特点：[color=cc241d]当手持防爆门时，阻挡穿透子弹，免疫爆炸伤害[/color],,
TOWERDEFENSE_ZOMBIE_SHIELDARMOR_HANDBOOK_STORY,博士的实验室并不专业，防爆门僵尸为了提升自身实力，出发前拆卸了实验室的防爆门。,,

TOWERDEFENSE_ZOMBIE_POGO_NAME,跳跳僵尸,Pogo Zombie,Pogo Zombie
TOWERDEFENSE_ZOMBIE_POGO_EXPRESTION,跳跳僵尸能跳跃过你的防守。,,
TOWERDEFENSE_ZOMBIE_POGO_HANDBOOK_EXPRESTION,血量：[color=cc241d]500[/color]\n伤害：[color=cc241d]100/s[/color]\n佩戴：[color=cc241d]弹跳杆（物品，铁器）[/color]\n类型：[color=cc241d]小型僵尸[/color]\n移速：[color=cc241d]弹跳时快，不弹跳时慢[/color]\n特点：[color=cc241d]可以连续跃过植物[/color]\n弱点：[color=441D62]磁力菇、高坚果[/color],,
TOWERDEFENSE_ZOMBIE_POGO_HANDBOOK_STORY,蹦！蹦！蹦！那是跳跳僵尸发出的有力且有效的声音。,,

TOWERDEFENSE_ZOMBIE_MAGNETIC_NAME,磁场僵尸,Magnetic Zombie,Magnetic Zombie
TOWERDEFENSE_ZOMBIE_MAGNETIC_EXPRESTION,他的磁力套装能够吸引附近的火力。,,
TOWERDEFENSE_ZOMBIE_MAGNETIC_HANDBOOK_EXPRESTION,血量：[color=cc241d]1100 + 270[/color]\n伤害：[color=cc241d]100/s[/color]\n佩戴：[color=cc241d]磁力头盔（一类，铁器）[/color]\n类型：[color=cc241d]小型僵尸[/color]\n速度：[color=cc241d]慢[/color]\n特点：[color=cc241d]①磁力套装能够吸引5×5范围内的植物方子弹优先攻击自己\n②失去头盔后，吸引范围削弱至3×3[/color]\n弱点：[color=441D62]磁力菇[/color],,
TOWERDEFENSE_ZOMBIE_MAGNETIC_HANDBOOK_STORY,他会磁力，但不花心。所有僵尸都喜欢磁场僵尸替他们承担火力，只有铁栅门僵尸总抱怨他打扰了自己打豌豆乒乓球的兴致。,,

TOWERDEFENSE_ZOMBIE_DISCOPAPER_NAME,读报迪斯科僵尸,Disco PaperZombie,Disco PaperZombie
TOWERDEFENSE_ZOMBIE_DISCOPAPER_EXPRESTION,迪斯科僵尸的退休生活。,,
TOWERDEFENSE_ZOMBIE_DISCOPAPER_HANDBOOK_EXPRESTION,血量：[color=cc241d]150 + 500[/color]\n伤害：[color=cc241d]100~200/s（失去报纸前~后）[/color]\n佩戴：[color=cc241d]报纸（二类）[/color]\n类型：[color=cc241d]小型僵尸[/color]\n速度：[color=cc241d]慢，而后快（失去报纸后）[/color]\n限制：[color=cc241d]只会在陆地出现[/color]\n特点：[color=cc241d]①失去报纸前，不会召唤伴舞\n②失去报纸后进入愤怒状态：啃食伤害翻倍、移速提升，并立即召唤4个愤怒的舞者僵尸\n③愤怒状态不会因跳舞而暂停前进[/color],,
TOWERDEFENSE_ZOMBIE_DISCOPAPER_HANDBOOK_STORY,喝茶、看报、遛弯，曾经的明星似乎褪去光芒，变成了一位寻常的老人。“那种纸醉金迷的生活我已厌倦，是时候享受属于自己的清闲了。”,,

TOWERDEFENSE_ZOMBIE_BACKUPPAPER_NAME,愤怒舞者僵尸,Backup PaperZombie,Backup PaperZombie
TOWERDEFENSE_ZOMBIE_BACKUPPAPER_EXPRESTION,读报迪斯科僵尸愤怒时，四个舞者登场助阵。,,
TOWERDEFENSE_ZOMBIE_BACKUPPAPER_HANDBOOK_EXPRESTION,血量：[color=cc241d]270[/color]\n伤害：[color=cc241d]200/s[/color]\n佩戴：[color=cc241d]----[/color]\n类型：[color=cc241d]小型僵尸[/color]\n速度：[color=cc241d]快[/color]\n限制：[color=cc241d]只会在陆地出现[/color]\n特点：[color=cc241d]不会因跳舞而暂停前进[/color],,
TOWERDEFENSE_ZOMBIE_BACKUPPAPER_HANDBOOK_STORY,迪斯科僵尸的伴舞们是最忠实的追随者，这种关系在他们退役后仍在延续。每当领舞需要他们时，他们会立刻赶到现场，让一切冒犯者知道什么叫“暴走老年团”。,,

TOWERDEFENSE_ZOMBIE_SHARK_NAME,鲨鱼僵尸,Shark Zombie,Shark Zombie
TOWERDEFENSE_ZOMBIE_SHARK_EXPRESTION,鲨鱼僵尸会吃掉你的防线。,,
TOWERDEFENSE_ZOMBIE_SHARK_HANDBOOK_EXPRESTION,血量：[color=cc241d]1400[/color]\n伤害：[color=cc241d]即死（吞噬，在水中）/ 100/s（啃食，在陆上）[/color]\n佩戴：[color=cc241d]---[/color]\n类型：[color=cc241d]小型僵尸[/color]\n速度：[color=cc241d]慢[/color]\n特点：[color=cc241d]在水中会潜水行动，接近一个植物后浮出水面将其直接吞噬，咀嚼15秒后继续潜水[/color],,
TOWERDEFENSE_ZOMBIE_SHARK_HANDBOOK_STORY,曾经被一个巨大的家伙当棒槌使唤，害他得了脑震荡，不过依然在扮演鲨鱼的工作。你问为什么？当然还是因为同行的压力。,,

TOWERDEFENSE_ZOMBIE_WALLNUTABC_NAME,套盒坚果僵尸,Nutty Zombie Box,Nutty Zombie Box
TOWERDEFENSE_ZOMBIE_WALLNUTABC_EXPRESTION,套盒坚果僵尸有三条命。,,
TOWERDEFENSE_ZOMBIE_WALLNUTABC_HANDBOOK_EXPRESTION,血量：[color=cc241d]2000（套盒）/ 1000（套瓶）/ 500（套杯） + 270（濒死）[/color]\n伤害：[color=cc241d]100/s[/color]\n佩戴：[color=cc241d]----[/color]\n类型：[color=cc241d]小型僵尸[/color]\n速度：[color=cc241d]慢[/color]\n特点：[color=cc241d]受到2000点伤害后变为套瓶坚果僵尸，再次受到1000点伤害后变为套杯坚果僵尸[/color],,
TOWERDEFENSE_ZOMBIE_WALLNUTABC_HANDBOOK_STORY,僵尸界有名的“厚脸皮”。,,

TOWERDEFENSE_ZOMBIE_ANGEL_NAME,天使僵尸,Angel Zombie,Angel Zombie
TOWERDEFENSE_ZOMBIE_ANGEL_EXPRESTION,是僵尸还是天使？,,
TOWERDEFENSE_ZOMBIE_ANGEL_HANDBOOK_EXPRESTION,血量：[color=cc241d]800[/color]\n佩戴：[color=cc241d]----[/color]\n类型：[color=cc241d]飞行僵尸，小型僵尸[/color]\n速度：[color=cc241d]慢[/color]\n特性：[color=cc241d]不会被击落[/color]\n特点：[color=cc241d]每隔15秒，原地复活随机一只在15秒内死去的僵尸\n（排除自身，且不会复活靠近房子3列以内的僵尸）[/color]\n亡语：[color=cc241d]可在原地复活一次（被吹飞则在本行最右侧复活），并在8秒内处于无敌状态，无敌状态免疫吹飞效果[/color]\n备注：[color=cc241d]当无敌状态的天使进入场上最左侧3列时，会立即解除无敌[/color],,
TOWERDEFENSE_ZOMBIE_ANGEL_HANDBOOK_STORY,没人知道僵尸一族是否存在天使，这家伙只不过是个倒霉蛋而已：他从淋浴间出来衣服不见了，只能随便找了件话剧戏服披上。,,

TOWERDEFENSE_ZOMBIE_DOLPHINMJ_NAME,舞王海豚僵尸,Dancing King Dolphin Zombie,Dancing King Dolphin Zombie
TOWERDEFENSE_ZOMBIE_DOLPHINMJ_EXPRESTION,舞王僵尸的水上狂热模仿者！,,
TOWERDEFENSE_ZOMBIE_DOLPHINMJ_HANDBOOK_EXPRESTION,血量：[color=cc241d]1200[/color]\n伤害：[color=cc241d]150（挥砍）或 100/s（啃食）[/color]\n佩戴：[color=cc241d]----[/color]\n类型：[color=cc241d]小型僵尸[/color]\n速度：[color=cc241d]快[/color]\n特点：[color=cc241d]①可以召唤4名伴舞海豚僵尸\n②在水中骑乘海豚，遇到植物时向前跳跃1格，并立即召唤伴舞\n③伴舞死亡后，会立即召唤新的伴舞\n④自身跳跃后召唤的伴舞不再携带海豚[/color]\n弱点：[color=441D62]高坚果[/color],,
TOWERDEFENSE_ZOMBIE_DOLPHINMJ_HANDBOOK_STORY,对舞王僵尸造型穿搭的绝妙模仿，加上驰骋于水面的精彩表演，舞王海豚表演秀获得了观众的一致好评。唯一美中不足的是，后台的灯光师为了跟上海豚的速度过于辛苦了。,,

TOWERDEFENSE_ZOMBIE_DOLPHINDC_NAME,伴舞海豚僵尸,Dolphin dancer zombie,Dolphin dancer zombie
TOWERDEFENSE_ZOMBIE_DOLPHINDC_EXPRESTION,水上的舞王当然也要有他的伴舞，对吧？,,
TOWERDEFENSE_ZOMBIE_DOLPHINDC_HANDBOOK_EXPRESTION,血量：[color=cc241d]500[/color]\n伤害：[color=cc241d]150（挥砍）或 100/s（啃食）[/color]\n佩戴：[color=cc241d]----[/color]\n类型：[color=cc241d]小型僵尸[/color]\n速度：[color=cc241d]快[/color]\n特点：[color=cc241d]在水中骑乘海豚，遇到植物时向前跳跃1格[/color]\n弱点：[color=441D62]高坚果[/color],,
TOWERDEFENSE_ZOMBIE_DOLPHINDC_HANDBOOK_STORY,“粉色是猛男的颜色！”对于那些问及他们海豚配色的声音，伴舞海豚僵尸回答得十分自然风趣——反正一身粉色的又不是他们自己。,,

TOWERDEFENSE_ZOMBIE_BUNGI_NAME,蹦极僵尸,Digger Zombie,Digger Zombie
TOWERDEFENSE_ZOMBIE_BUNGI_EXPRESTION,蹦极僵尸从天上攻击。,,
TOWERDEFENSE_ZOMBIE_BUNGI_HANDBOOK_EXPRESTION,血量：[color=cc241d]450[/color]\n伤害：[color=cc241d]即死（抓取）[/color]\n佩戴：[color=cc241d]----[/color]\n类型：[color=cc241d]小型僵尸[/color]\n特点：[color=cc241d]从天而降，等待一段时间后窃取你的植物[/color]\n弱点：[color=441D62]叶子保护伞[/color],,
TOWERDEFENSE_ZOMBIE_BUNGI_HANDBOOK_STORY,蹦极僵尸最爱冒险。毕竟，如果你不再活着，那再体验次死亡又有何妨呢？,,

TOWERDEFENSE_ZOMBIE_HYPNOTIST_NAME,催眠师僵尸,Hypnotist Zombie,Hypnotist Zombie
TOWERDEFENSE_ZOMBIE_HYPNOTIST_EXPRESTION,催眠师僵尸能让植物陷入沉睡。,,
TOWERDEFENSE_ZOMBIE_HYPNOTIST_HANDBOOK_EXPRESTION,血量：[color=cc241d]1000[/color]\n伤害：[color=cc241d]即死（抓取）[/color]\n佩戴：[color=cc241d]----[/color]\n类型：[color=cc241d]小型僵尸[/color]\n速度：[color=cc241d]----[/color]\n特点：[color=cc241d]\n①被保护伞弹飞时，对保护伞造成100伤害\n②落地时使本格内所有植物陷入25秒沉睡\n③停留10秒后偷取本格内的所有植物\n④成功偷取所在格植物时，令3×3范围内所有植物沉睡15秒[/color]\n弱点：[color=441D62]叶子保护伞[/color],,
TOWERDEFENSE_ZOMBIE_HYPNOTIST_HANDBOOK_STORY,为什么他要停留那么久？因为他把自己也催眠了。,,

TOWERDEFENSE_ZOMBIE_CATAPULT_NAME,投石车僵尸,Catapult Zombie,Catapult Zombie
TOWERDEFENSE_ZOMBIE_CATAPULT_EXPRESTION,投石车僵尸操作着重型机器。,,
TOWERDEFENSE_ZOMBIE_CATAPULT_HANDBOOK_EXPRESTION,血量：[color=cc241d]850[/color]\n伤害：[color=cc241d]75/次 或 即死（移动时）[/color]\n投掷范围：[color=cc241d]当前行最左侧非地刺植物[/color]\n佩戴：[color=cc241d]----[/color]\n类型：[color=cc241d]车类僵尸[/color]\n速度：[color=cc241d]快（行驶时）[/color]\n特点：[color=cc241d]每隔3秒投掷一个篮球攻击植物，最多攻击20次，投完后开始移动并碾压路过植物[/color]\n弱点：[color=441D62]叶子保护伞[/color],,
TOWERDEFENSE_ZOMBIE_CATAPULT_HANDBOOK_STORY,投石车僵尸可以利用弹射器来发射任何东西，但篮球似乎是绝佳选择。,,

TOWERDEFENSE_ZOMBIE_BALLOONPULT_NAME,气球车僵尸,BalloonPult Zombie,BalloonPult Zombie
TOWERDEFENSE_ZOMBIE_BALLOONPULT_EXPRESTION,气球车会放出高空飞行的气球炸弹！,,
TOWERDEFENSE_ZOMBIE_BALLOONPULT_HANDBOOK_EXPRESTION,血量：[color=cc241d]1350[/color]\n伤害：[color=cc241d]即死（移动时）[/color]\n佩戴：[color=cc241d]----[/color]\n类型：[color=cc241d]车类僵尸[/color]\n速度：[color=cc241d]快（行驶时）[/color]\n特点：[color=cc241d]每隔3秒放飞一个气球炸弹，最多放飞10个，之后向前移动并碾压植物[/color],,
TOWERDEFENSE_ZOMBIE_BALLOONPULT_HANDBOOK_STORY,或许植物这边真的需要可以打气球的猴子了。,,

TOWERDEFENSE_ZOMBIE_BALLOONBOMB_NAME,气球炸弹,BalloonPult Zombie,BalloonPult Zombie
TOWERDEFENSE_ZOMBIE_BALLOONBOMB_EXPRESTION,来自气球车僵尸的“礼物”。,,
TOWERDEFENSE_ZOMBIE_BALLOONBOMB_HANDBOOK_EXPRESTION,血量：[color=cc241d]40[/color]\n伤害：[color=cc241d]100[/color]\n伤害范围：[color=cc241d]以目标植物为中心3×3[/color]\n佩戴：[color=cc241d]----[/color]\n类型：[color=cc241d]飞行僵尸，小型僵尸[/color]\n速度：[color=cc241d]快[/color]\n特点：[color=cc241d]①碰到植物时投下下方的炸弹，伤害范围内的非底座植物后飘走消失\n②不会进家，在左数第一列会自动投弹[/color]\n弱点：[color=441D62]对空火力，三叶草[/color],,
TOWERDEFENSE_ZOMBIE_BALLOONBOMB_HANDBOOK_STORY,这难道就是所谓的“飞来横祸”？,,

TOWERDEFENSE_ZOMBIE_POGOJACKSON_NAME,跳跳舞王僵尸,Dance Dance Zombie Jackson,Dance Dance Zombie Jackson
TOWERDEFENSE_ZOMBIE_POGOJACKSON_EXPRESTION,舞王僵尸骑上了跳跳杆！,,
TOWERDEFENSE_ZOMBIE_POGOJACKSON_HANDBOOK_EXPRESTION,血量：[color=cc241d]500[/color]\n伤害：[color=cc241d]100/s（失去跳跳杆后）[/color]\n佩戴：[color=cc241d]弹跳杆（物品，铁器）[/color]\n类型：[color=cc241d]小型僵尸[/color]\n速度：[color=cc241d]弹跳时快，不弹跳时慢[/color]\n特点：[color=cc241d]出场一段时间后，召唤4个跳跳伴舞僵尸，没有丢失跳跳杆时可以连续跃过植物[/color]\n弱点：[color=441D62]磁力菇、高坚果[/color],,
TOWERDEFENSE_ZOMBIE_POGOJACKSON_HANDBOOK_STORY,或许这才是真正的“跳”舞？,,

TOWERDEFENSE_ZOMBIE_POGODANCER_NAME,跳跳伴舞僵尸,Jumping Dance Zombie,Jumping Dance Zombie
TOWERDEFENSE_ZOMBIE_POGODANCER_EXPRESTION,跳跳舞王的专属伴舞！,,
TOWERDEFENSE_ZOMBIE_POGODANCER_HANDBOOK_EXPRESTION,血量：[color=cc241d]270[/color]\n伤害：[color=cc241d]100/s（失去跳跳杆后）[/color]\n佩戴：[color=cc241d]弹跳杆（物品，铁器）[/color]\n类型：[color=cc241d]小型僵尸[/color]\n速度：[color=cc241d]弹跳时快，不弹跳时慢[/color]\n特点：[color=cc241d]被跳跳舞王召唤而来，跟随跳跳舞王移动，没有丢失跳跳杆时可以连续跃过植物[/color]\n弱点：[color=441D62]磁力菇[/color],,
TOWERDEFENSE_ZOMBIE_POGODANCER_HANDBOOK_STORY,“咀利牙”艺术学院没教过这种舞蹈形式，但凡事都得有创新精神嘛。,,

TOWERDEFENSE_ZOMBIE_YETIFOOTBALL_NAME,橄榄雪人僵尸,Olive Snowman Zombie,Olive Snowman Zombie
TOWERDEFENSE_ZOMBIE_YETIFOOTBALL_EXPRESTION,橄榄球雪人太热走不动了！要帮他降温吗？,,
TOWERDEFENSE_ZOMBIE_YETIFOOTBALL_HANDBOOK_EXPRESTION,血量：[color=cc241d]1400 + 800[/color]\n伤害：[color=cc241d]100/s[/color]\n佩戴：[color=cc241d]红橄榄头盔（一类，铁器）[/color]\n类型：[color=cc241d]小型僵尸[/color]\n速度：[color=cc241d]快[/color]\n特点：[color=cc241d]①受到减速与冻结效果时降温，移速翻倍\n②受到火焰类伤害时升温，移速变为0.5倍速[/color]\n亡语：[color=cc241d]死亡后掉落1枚随机种类货币（银币80%，金币18%，钻石2%）[/color],,
TOWERDEFENSE_ZOMBIE_YETIFOOTBALL_HANDBOOK_STORY,面对僵尸橄榄球队人数不足以参赛的危机，他们的教练深入雪山，找到了这位体能优秀的新队员。但教练忽视了两件事：新队员难以忍受这套装备的热量，以及他根本不懂橄榄球。,,

TOWERDEFENSE_ZOMBIE_IMPPULT_NAME,小鬼投石车僵尸,Catapult Zombie,Catapult Zombie
TOWERDEFENSE_ZOMBIE_IMPPULT_EXPRESTION,向你的后排防线投掷小鬼僵尸！,,
TOWERDEFENSE_ZOMBIE_IMPPULT_HANDBOOK_EXPRESTION,血量：[color=cc241d]850[/color]\n伤害：[color=cc241d]即死（移动时）[/color]\n投掷范围：[color=cc241d]当前行2~4列[/color]\n佩戴：[color=cc241d]----[/color]\n类型：[color=cc241d]车类僵尸[/color]\n速度：[color=cc241d]快（行驶时）[/color]\n特点：[color=cc241d]每隔3秒投掷一个小鬼，最多投掷4只，之后向前移动并碾压植物[/color],,
TOWERDEFENSE_ZOMBIE_IMPPULT_HANDBOOK_STORY,投石车僵尸答应了在周末帮助小鬼僵尸们演习\n“空中飞人”。\n看来他在练习投篮时忘把小鬼僵尸换下来了。,,

TOWERDEFENSE_ZOMBIE_CHESS_NAME,跳棋僵尸,Chess Zombie,Chess Zombie
TOWERDEFENSE_ZOMBIE_CHESS_EXPRESTION,会跳的国际象棋，简称“跳棋”。,,
TOWERDEFENSE_ZOMBIE_CHESS_HANDBOOK_EXPRESTION,血量：[color=cc241d]500 + 500[/color]\n佩戴：[color=cc241d]棋子头饰（一类），弹跳杆（物品，铁器）[/color]\n类型：[color=cc241d]小型僵尸[/color]\n速度：[color=cc241d]弹跳时快，不弹跳时慢[/color]\n特点：[color=cc241d]默认只会在中场（第五列）出现，并且向右跳跃移动若成功来到最右侧一列，会升变成随机的巨人僵尸种类（排除冲锋黑橄榄白眼巨人僵尸 / 冲锋黑橄榄红眼巨人僵尸）[/color]\n弱点：[color=cc241d]磁力菇[/color],,
TOWERDEFENSE_ZOMBIE_CHESS_HANDBOOK_STORY,跳棋僵尸是一位资深棋手，在上届僵尸国际象棋锦标赛中取得了亚军——冠军在被他将军前吃掉了棋盘，评委一致赞赏这很“僵尸”,,

TOWERDEFENSE_ZOMBIE_VAMPIRE_NAME,吸血鬼僵尸,Vampire Zombie,Vampire Zombie
TOWERDEFENSE_ZOMBIE_VAMPIRE_EXPRESTION,拥有吸血鬼之力的僵尸！,,
TOWERDEFENSE_ZOMBIE_VAMPIRE_HANDBOOK_EXPRESTION,血量：[color=cc241d]1000[/color]\n伤害：[color=cc241d]100/s[/color]\n佩戴：[color=cc241d]----[/color]\n类型：[color=cc241d]小型僵尸[/color]\n速度：[color=cc241d]慢[/color]\n特点：[color=cc241d]啃食植物时会持续吸血并获得等量的生命值，每10秒吸取场上血量最高的一个植物10%的血量[/color]\n弱点：[color=cc241d]受到大蒜效果时会直接扣除20%当前生命值[/color],,
TOWERDEFENSE_ZOMBIE_VAMPIRE_HANDBOOK_STORY,吸血鬼僵尸提倡绿色饮食，自称吃素帮他摆脱了紫外线过敏。可惜他仍然对大蒜严重过敏。,,

TOWERDEFENSE_ZOMBIE_IMPSNAIL_NAME,蜗牛小鬼僵尸,Snail Imp,Snail Imp
TOWERDEFENSE_ZOMBIE_IMPSNAIL_EXPRESTION,蜗牛小鬼僵尸的壳是有力的护盾和武器。,,
TOWERDEFENSE_ZOMBIE_IMPSNAIL_HANDBOOK_EXPRESTION,血量：[color=cc241d]1800 + 270[/color]\n伤害：[color=cc241d]100/s[/color]\n佩戴：[color=cc241d]蜗牛壳（特殊）[/color]\n类型：[color=cc241d]小型僵尸[/color]\n速度：[color=cc241d]慢[/color]\n特点：[color=cc241d]蜗牛壳会代替本体吸收投掷伤害，不会吸收的伤害直接伤害本体[/color]\n亡语：[color=cc241d]死亡前存在蜗牛壳，则会在死亡后使蜗牛壳向前滚动，滚动的蜗牛壳会继承之前的血量[/color],,
TOWERDEFENSE_ZOMBIE_IMPSNAIL_HANDBOOK_STORY,蜗牛小鬼是一个真正的宅僵，他喜欢缩在壳里享受孤独。他也喜欢唱歌，不过他只会一首“阿门阿前一棵葡萄树…”,,

TOWERDEFENSE_ZOMBIE_SNAILSHELL_NAME,蜗牛壳,Snail Imp,Snail Imp
TOWERDEFENSE_ZOMBIE_SNAILSHELL_EXPRESTION,会滚动的蜗牛壳,,
TOWERDEFENSE_ZOMBIE_SNAILSHELL_HANDBOOK_EXPRESTION,血量：[color=cc241d]1800[/color]\n伤害：[color=cc241d]0~1800[/color]\n佩戴：[color=cc241d]----[/color]\n类型：[color=cc241d]小型僵尸[/color]\n速度：[color=cc241d]慢[/color]\n特点：[color=cc241d]蜗牛壳向前滚动撞到植物后会消失，并造成蜗牛壳血量的同等伤害并消失[/color],,

TOWERDEFENSE_ZOMBIE_GARGANTUARDIGGER_NAME,矿工伽刚特尔,Gargantuar Digger,Gargantuar Digger,
TOWERDEFENSE_ZOMBIE_GARGANTUARDIGGER_EXPRESTION,巨人僵尸的业务拓展！,,
TOWERDEFENSE_ZOMBIE_GARGANTUARDIGGER_HANDBOOK_EXPRESTION,血量：[color=cc241d]200 + 3000[/color]\n伤害：[color=cc241d]即死（锤击）[/color]\n佩戴：[color=cc241d]矿工头盔（一类）[/color]\n类型：[color=cc241d]大型僵尸[/color]\n速度：[color=cc241d]慢[/color]\n特点：[color=cc241d]①挖地绕过前排植物，在最左侧出土后反向行走\n②本体血量低于一半时，朝行走方向前方丢出矿工小鬼僵尸[/color]\n弱点：[color=cc241d]磁力菇[/color],,
TOWERDEFENSE_ZOMBIE_GARGANTUARDIGGER_HANDBOOK_STORY,矿工巨人僵尸冷漠寡言，却每次都能出现在最需要他的地方。所有僵尸都认为他是个可靠的大家伙，然而只有他自己知道：难怪一直没挖到重点，自己好像又把工程图纸看反了。,,

TOWERDEFENSE_ZOMBIE_IMPDIGGER_NAME,矿工小鬼僵尸,Imp Digger,Imp Digger,
TOWERDEFENSE_ZOMBIE_IMPDIGGER_EXPRESTION,小鬼僵尸现在沉迷于挖地道！,,
TOWERDEFENSE_ZOMBIE_IMPDIGGER_HANDBOOK_EXPRESTION,血量：[color=cc241d]100 + 270[/color]\n伤害：[color=cc241d]100/s[/color]\n佩戴：[color=cc241d]小矿工头盔（一类）[/color]\n类型：[color=cc241d]小型僵尸[/color]\n速度：[color=cc241d]慢[/color]\n特点：[color=cc241d]挖地绕过前排植物，在最左侧出土后反向行走\n弱点：[color=cc241d]磁力菇[/color],,
TOWERDEFENSE_ZOMBIE_IMPDIGGER_HANDBOOK_STORY,作为包工头，他在下午茶时间领取的脑子饼干比一般的矿工僵尸多了三块。,,

TOWERDEFENSE_ZOMBIE_GARGANTUARZOMBONI_NAME,雪橇车巨人僵尸,Zomboni Gargantuar,Zomboni Gargantuar,
TOWERDEFENSE_ZOMBIE_GARGANTUARZOMBONI_EXPRESTION,雪橇车巨人僵尸碾过你的植物，并留下一条冰道。,,
TOWERDEFENSE_ZOMBIE_GARGANTUARZOMBONI_HANDBOOK_EXPRESTION,血量：[color=cc241d]3000[/color]\n伤害：[color=cc241d]即死（碾压）[/color]\n佩戴：[color=cc241d]----[/color]\n类型：[color=cc241d]大型车类僵尸[/color]\n速度：[color=cc241d]慢[/color]\n亡语：[color=cc241d]原地召唤一个伽刚特尔[/color],,
TOWERDEFENSE_ZOMBIE_GARGANTUARZOMBONI_HANDBOOK_STORY,退休的雪橇车僵尸用毕生所学传教伽刚特尔，并为他定制了一辆巨型雪橇车。,,

TOWERDEFENSE_ZOMBIE_DISCOFIRE_NAME,火焰迪斯科僵尸,Fire Disco Zombie,Fire Disco Zombie
TOWERDEFENSE_ZOMBIE_DISCOFIRE_EXPRESTION,迪斯科僵尸燃起来了！,,
TOWERDEFENSE_ZOMBIE_DISCOFIRE_HANDBOOK_EXPRESTION,血量：[color=cc241d]1100[/color]\n伤害：[color=cc241d]100/s[/color]\n佩戴：[color=cc241d]----[/color]\n类型：[color=cc241d]小型僵尸[/color]\n速度：[color=cc241d]慢[/color]\n特点：[color=cc241d]免疫减速与冻结，入场后召唤4只火焰舞者僵尸，且僵尸方的豌豆经过自己会点燃成火焰豌豆[/color],,
TOWERDEFENSE_ZOMBIE_DISCOFIRE_HANDBOOK_STORY,“老兄，火焰并没有什么危险的。相反，处在内焰的我反而很安全。”火焰迪斯科僵尸骄傲地说道，“现在，我们火了！”,,

TOWERDEFENSE_ZOMBIE_DANCERFIRE_NAME,火焰舞者僵尸,Fire DancerZombie,Fire Dancer Zombie
TOWERDEFENSE_ZOMBIE_DANCERFIRE_EXPRESTION,舞者僵尸也燃起来了！,,
TOWERDEFENSE_ZOMBIE_DANCERFIRE_HANDBOOK_EXPRESTION,血量：[color=cc241d]500[/color]\n伤害：[color=cc241d]100/s[/color]\n佩戴：[color=cc241d]----[/color]\n类型：[color=cc241d]小型僵尸[/color]\n速度：[color=cc241d]慢[/color]\n特点：[color=cc241d]免疫减速与冻结，且僵尸方的豌豆经过自己会点燃成火焰豌豆[/color],,
TOWERDEFENSE_ZOMBIE_DANCERFIRE_HANDBOOK_STORY,火焰舞者正值青春期，他们的胡子是贴上去的。他们为了衬托领舞的黄火，把自己的火焰改成了绿色。“其实我不是很想把这玩意染成绿的！”,,

TOWERDEFENSE_ZOMBIE_JACKSONX_NAME,精英舞王僵尸,Dancing Zombie,Dancing Zombie
TOWERDEFENSE_ZOMBIE_JACKSONX_EXPRESTION,精英舞王僵尸和人类（在世或者不朽的）如有雷同，纯属巧合。,,
TOWERDEFENSE_ZOMBIE_JACKSONX_HANDBOOK_EXPRESTION,血量：[color=cc241d]1000[/color]\n伤害：[color=cc241d]100/s[/color]\n佩戴：[color=cc241d]----[/color]\n类型：[color=cc241d]小型僵尸[/color]\n移速：[color=cc241d]快（出场），而后慢（召唤后）[/color]\n特点：[color=cc241d]每次召唤伴舞前先召唤一只迪斯科僵尸，再和迪斯科僵尸一同召唤各自的伴舞[/color],,
TOWERDEFENSE_ZOMBIE_JACKSONX_HANDBOOK_STORY,精英舞王僵尸引领着僵尸流行音乐界的一代风潮，无数僵尸舞者都梦想着跟上他的脚步。当他出现在草坪上时，就意味着一场盛大的表演即将开幕：各路舞者纷至沓来，加入这场属于音乐的狂欢。,,

TOWERDEFENSE_ZOMBIE_PAPERBALL_NAME,冲锋橄榄读报僵尸,Paper Ball Zombie,Paper Ball Zombie
TOWERDEFENSE_ZOMBIE_PAPERBALL_EXPRESTION,被打断阅读后，会愤怒地尝试用头盔撞向他遇到的第一个倒霉蛋。,,
TOWERDEFENSE_ZOMBIE_PAPERBALL_HANDBOOK_EXPRESTION,血量：[color=cc241d]150 + 1400 + 270[/color]\n伤害：[color=cc241d]100~200/s（啃食，通常~破报） 500（冲撞）[/color]\n佩戴：[color=cc241d]报纸（二类）、橄榄头盔（一类，铁器）[/color]\n类型：[color=cc241d]小型僵尸[/color]\n移速：[color=cc241d]慢，然后快（打破报纸后）[/color]\n特点：[color=cc241d]\n①打破报纸后啃食伤害翻倍，此时若仍佩戴有头盔，则会向前冲锋、并对碰到的第一个目标造成500点冲撞伤害\n②可通过吸走或击落头盔阻止（或中断）冲锋[/color]\n弱点：[color=441D62]磁力菇、投手植物[/color],,
TOWERDEFENSE_ZOMBIE_PAPERBALL_HANDBOOK_STORY,作为运动员里文化水平最高、知识分子里运动水平最高的僵尸，他正在同时阅读体育新闻和解密数独难题。此时失去报纸显然会让他超级生气暴怒，哪怕你喊他二大爷也没用了。,,

TOWERDEFENSE_ZOMBIE_IMPHACKER_NAME,黑客小鬼僵尸,Hacker ImpZombie,Hacker ImpZombie
TOWERDEFENSE_ZOMBIE_IMPHACKER_EXPRESTION,运用黑客技术篡改你的卡槽。,,
TOWERDEFENSE_ZOMBIE_IMPHACKER_HANDBOOK_EXPRESTION,血量：[color=cc241d]800[/color]\n伤害：[color=cc241d]100/s[/color]\n佩戴：[color=cc241d]----[/color]\n类型：[color=cc241d]小型僵尸[/color]\n移速：[color=cc241d]快[/color]\n特点：[color=cc241d]\n①每隔10秒，将玩家卡槽中随机一张植物卡片篡改为小鬼卡片（或在传送带中直接增加一张小鬼卡片），随后隐身4秒\n②小鬼卡片放置一次后恢复正常（放下的是敌对小鬼僵尸）\n③当玩家卡槽中只有一张植物卡片时，篡改能力不会生效[/color],,
TOWERDEFENSE_ZOMBIE_IMPHACKER_HANDBOOK_STORY,黑客小鬼僵尸喜欢在线下保持低调，让人看不出他电脑高手的身份。当然了，尽管他入侵过那么多电脑，他最喜欢的还是房主的大脑。,,

TOWERDEFENSE_ZOMBIE_FOOTBALLGARGANTUAR_NAME,冲锋橄榄伽刚特尔,Football Gargantuar,Football Gargantuar,
TOWERDEFENSE_ZOMBIE_FOOTBALLGARGANTUAR_EXPRESTION,一种跑得飞快的巨型僵尸。,,
TOWERDEFENSE_ZOMBIE_FOOTBALLGARGANTUAR_HANDBOOK_EXPRESTION,血量：[color=cc241d]1800 + 3000[/color]\n伤害：[color=cc241d]即死（锤击）[/color]\n佩戴：[color=cc241d]橄榄头盔（一类，铁器）[/color]\n类型：[color=cc241d]大型僵尸[/color]\n速度：[color=cc241d]快[/color]\n特性：[color=C71585]锤扁植物[/color]\n特点：[color=cc241d]本体血量低于一半时，丢出冲锋橄榄小鬼僵尸[/color],,
TOWERDEFENSE_ZOMBIE_FOOTBALLGARGANTUAR_HANDBOOK_STORY,冲锋橄榄伽刚特尔总是活跃在第一线，高大的身躯带来巨大的压迫感，但只有冲锋橄榄伽刚特尔自己知道，其实自己根本不会橄榄球。,,

TOWERDEFENSE_ZOMBIE_FOOTBALLGARGANTUARBLACKWHITEEYES_NAME,冲锋黑橄榄伽刚特尔,BlackFootball Gargantuar,BlackFootball Gargantuar,
TOWERDEFENSE_ZOMBIE_FOOTBALLGARGANTUARBLACKWHITEEYES_EXPRESTION,冲锋伽刚特尔换装备了，现在黑色是他的最爱。,,
TOWERDEFENSE_ZOMBIE_FOOTBALLGARGANTUARBLACKWHITEEYES_HANDBOOK_EXPRESTION,血量：[color=cc241d]4000 + 3000[/color]\n伤害：[color=cc241d]即死（锤击）[/color]\n佩戴：[color=cc241d]黑橄榄头盔（一类，铁器）[/color]\n类型：[color=cc241d]大型僵尸[/color]\n速度：[color=cc241d]快[/color]\n特性：[color=C71585]锤扁植物[/color]\n特点：[color=cc241d]本体血量低于一半时，丢出冲锋黑橄榄小鬼僵尸[/color],,
TOWERDEFENSE_ZOMBIE_FOOTBALLGARGANTUARBLACKWHITEEYES_HANDBOOK_STORY,“黑色巨人球队”是僵尸界享有盛名的全明星球队。有导演准备为他们拍摄一部宣传片，小道消息流出的片名为《黑橄榄：巨人》。,,

TOWERDEFENSE_ZOMBIE_FOOTBALLIMP_NAME,冲锋橄榄小鬼僵尸,Football ImpZombie,Football ImpZombie,
TOWERDEFENSE_ZOMBIE_FOOTBALLIMP_EXPRESTION,一种跑得飞快的小型僵尸。,,
TOWERDEFENSE_ZOMBIE_FOOTBALLIMP_HANDBOOK_EXPRESTION,血量：[color=cc241d]700 + 270[/color]\n伤害：[color=cc241d]200/s[/color]\n佩戴：[color=cc241d]橄榄头盔（一类，铁器）[/color]\n类型：[color=cc241d]小型僵尸[/color]\n速度：[color=cc241d]快[/color],,
TOWERDEFENSE_ZOMBIE_FOOTBALLIMP_HANDBOOK_STORY,橄榄小鬼是僵尸界无可争议的明星，灵活的身躯让他能够很轻松避开其他僵尸的冲撞，但唯一令橄榄小鬼不满的一点是，冲锋橄榄伽刚特尔把球传给队友时总是过于激动把橄榄小鬼扔出去。,,

TOWERDEFENSE_ZOMBIE_FOOTBALLGARGANTUARBLACK_NAME,暴走黑橄榄红眼伽刚特尔,BlackFootball Gargantuar,BlackFootball Gargantuar,
TOWERDEFENSE_ZOMBIE_FOOTBALLGARGANTUARBLACK_EXPRESTION,黑橄榄球队的“重量级”选手。,,
TOWERDEFENSE_ZOMBIE_FOOTBALLGARGANTUARBLACK_HANDBOOK_EXPRESTION,血量：[color=cc241d]4000 + 6000[/color]\n伤害：[color=cc241d]即死（锤击）[/color]\n佩戴：[color=cc241d]黑橄榄头盔（一类，铁器）[/color]\n类型：[color=cc241d]大型僵尸[/color]\n速度：[color=cc241d]快[/color]\n特性：[color=C71585]锤扁植物[/color]\n特点：[color=cc241d]本体血量低于一半时，丢出暴走黑橄榄红眼小鬼僵尸[/color],,
TOWERDEFENSE_ZOMBIE_FOOTBALLGARGANTUARBLACK_HANDBOOK_STORY,这位大咖一般不愿意抛头露面，就连球队宣传片里也没有他的镜头——不过据说《黑橄榄：巨人》的DLC里他会登场，也不知道真的假的。,,

TOWERDEFENSE_ZOMBIE_FOOTBALLIMPBLACKWHITEEYES_NAME,冲锋黑橄榄小鬼僵尸,BlackFootball ImpZombie,BlackFootball ImpZombie,
TOWERDEFENSE_ZOMBIE_FOOTBALLIMPBLACKWHITEEYES_EXPRESTION,一种跑得飞快、而且更加抗揍的小鬼僵尸。,,
TOWERDEFENSE_ZOMBIE_FOOTBALLIMPBLACKWHITEEYES_HANDBOOK_EXPRESTION,血量：[color=cc241d]1400 + 270[/color]\n伤害：[color=cc241d]200/s[/color]\n佩戴：[color=cc241d]小黑橄榄头盔（一类，铁器）[/color]\n类型：[color=cc241d]小型僵尸[/color]\n速度：[color=cc241d]快[/color],,
TOWERDEFENSE_ZOMBIE_FOOTBALLIMPBLACKWHITEEYES_HANDBOOK_STORY,更快、更强，黑橄榄小鬼一出现在赛场上就迅速吸引了无数的目光。为了这一天他付出了无数的努力，终于如偿所愿成为了今天的焦点——哦看啊，他又被当作橄榄球扔出去了！,,

TOWERDEFENSE_ZOMBIE_FOOTBALLIMPBLACK_NAME,暴走黑橄榄红眼小鬼僵尸,BlackFootball ImpZombie,BlackFootball ImpZombie,
TOWERDEFENSE_ZOMBIE_FOOTBALLIMPBLACK_EXPRESTION,红眼俱乐部的小鬼头，红眼巨人的追随者。,,
TOWERDEFENSE_ZOMBIE_FOOTBALLIMPBLACK_HANDBOOK_EXPRESTION,血量：[color=cc241d]1400 + 270[/color]\n伤害：[color=cc241d]200/s[/color]\n佩戴：[color=cc241d]小黑橄榄头盔（一类，铁器）[/color]\n类型：[color=cc241d]小型僵尸[/color]\n速度：[color=cc241d]快[/color],,
TOWERDEFENSE_ZOMBIE_FOOTBALLIMPBLACK_HANDBOOK_STORY,小道消息称：红眼小鬼僵尸其实只是得了红眼病的小鬼僵尸，并没有因此获得更强的力量。但这并不耽误他继续担任红眼黑橄榄巨人的助手…和备用橄榄球。,,

TOWERDEFENSE_ZOMBIE_POT_NAME,罐子僵尸,Pot Zombie,Pot Zombie
TOWERDEFENSE_ZOMBIE_POT_EXPRESTION,罐子僵尸驮着沉重的罐子。,,
TOWERDEFENSE_ZOMBIE_POT_HANDBOOK_EXPRESTION,血量：[color=cc241d]200 + 270[/color]\n伤害：[color=cc241d]100/s[/color]\n佩戴：[color=cc241d]棒球帽（一类）[/color]\n类型：[color=cc241d]小型僵尸[/color]\n移速：[color=cc241d]慢[/color]\n亡语：[color=cc241d]在当前位置生成一只问号罐子[/color],,
TOWERDEFENSE_ZOMBIE_POT_HANDBOOK_STORY,扶梯僵尸为了生计，不得不卖掉心爱的梯子，现在他是一名罐子搬运工。,,

TOWERDEFENSE_ZOMBIE_GARDENER_NAME,园丁僵尸,Gardener Zombie,Gardener Zombie
TOWERDEFENSE_ZOMBIE_GARDENER_EXPRESTION,园丁僵尸会搬走你的植物。,,
TOWERDEFENSE_ZOMBIE_GARDENER_HANDBOOK_EXPRESTION,血量：[color=cc241d]500 + 370 + 500[/color]\n伤害：[color=cc241d]100/s（啃食）或 150/s（挥舞搬运车）[/color]\n佩戴：[color=cc241d]草帽（一类）、搬运车（二类，铁器，只能被低矮子弹伤害）[/color]\n类型：[color=cc241d]小型僵尸[/color]\n移速：[color=cc241d]快[/color]\n特点：[color=cc241d]\n①当搬运车未被破坏时，偷取碰到的第一株植物、并转身离场；被偷取的植物不会触发亡语\n②在离场前将其消灭，被偷走的植物会被原地种下[/color]\n弱点：[color=441D62]磁力菇、地刺[/color],,
TOWERDEFENSE_ZOMBIE_GARDENER_HANDBOOK_STORY,园丁僵尸不生产植物，他只是植物的搬运工。据小道消息称，他如此勤劳只是为了他记忆中的“班花”——\n事实证明这是一条谐音造成的谣言，这家伙空荡荡的脑袋里明显只有“搬花”。,,

TOWERDEFENSE_ZOMBIE_TARGET_NAME,标靶僵尸,Target Zombie,Target Zombie
TOWERDEFENSE_ZOMBIE_TARGET_EXPRESTION,只是一个拿着固定靶的僵尸。叫你的植物们向他开火！,,
TOWERDEFENSE_ZOMBIE_TARGET_HANDBOOK_EXPRESTION,血量：[color=cc241d]1100 + 200 + 500[/color]\n伤害：[color=cc241d]100/s[/color]\n佩戴：[color=cc241d]棒球帽（一类）、标靶（二类）[/color]\n类型：[color=cc241d]小型僵尸[/color]\n移速：[color=cc241d]慢[/color]\n特点：[color=cc241d]从草坪7-9列（大地图为9-11列）随机位置出现，失去标靶前会静止不动[/color]\n特殊：[color=441D62]在部分特殊模式，标靶耐久会有所变化[/color],,
TOWERDEFENSE_ZOMBIE_TARGET_HANDBOOK_STORY,标靶僵尸端着标靶站在草坪上。他干这行已经很多年了，期间扮演过许多的角色：有时是僵尸需要保护的对象，有时只是单纯的射击训练靶；但无论如何，他只需要端着手里这个牌子、站着不动就行了。他有时也想放下标靶、四处走走，貌似只有这样才能让他想起自己是个僵尸，而不只是一个标靶的支架。,,

TOWERDEFENSE_ZOMBIE_AXE_NAME,板斧僵尸,Axe Zombie,Axe Zombie
TOWERDEFENSE_ZOMBIE_AXE_EXPRESTION,身强力壮，手持能有效破甲的铁斧。,,
TOWERDEFENSE_ZOMBIE_AXE_HANDBOOK_EXPRESTION,血量：[color=cc241d]2200[/color]\n伤害：[color=cc241d]100/s（啃食）/ 150（挥砍）/ 450（投掷）[/color]\n佩戴：[color=cc241d]----[/color]\n类型：[color=cc241d]小型僵尸[/color]\n速度：[color=cc241d]慢[/color]\n特点：[color=cc241d]\n①铁斧对防御植物造成的伤害翻倍\n②生命值≤50%时，向前丢出铁斧，对碰到的第一株植物造成450伤害（对防御植物翻倍）\n③失去铁斧后攻击方式变为啃食[/color]\n弱点：[color=441D62]磁力菇[/color],,
TOWERDEFENSE_ZOMBIE_AXE_HANDBOOK_STORY,板斧僵尸读《水浒传》入了迷，经常学着李逵的样子耍两把板斧。什么？你说他手里只有一把斧头？那就得问磁力菇了。,,

TOWERDEFENSE_UPDATE_NAME,V0.7版本更新公告,,
TOWERDEFENSE_UPDATE_DESCRIBE,一. 全新关卡：\n开放挑战模式选项，并新增狂野机枪射手、向日葵女王、高冰果的挑战关卡\n二. 全新植物：\n游戏内紫卡新增机枪花盆（它将在狂野机枪挑战3通关后获得）商店新增紫卡商品：冰焰南瓜壳\n三. 游戏调整：\n无\n四. 皮肤更新：\n商店新增了红眼菇、骄阳睡莲、向日葵女王、狂野机枪射手的皮肤售卖；豌豆睡莲、海坚果、地刺西瓜投手、冰炬树桩新增为9月每日挑战皮肤奖励\n五. 全新僵尸和防具变种:\n游戏内新增了机枪海豚骑士、潜水海豚僵尸、骑鸭僵尸、缠绕潜水僵尸、猫战士僵尸、海妖僵尸，并为潜水海豚僵尸、海妖僵尸、缠绕潜水僵尸添加了一类防具变种\n（如若遇到游戏卡顿，请尝试降低帧率）\n六. 游戏优化与修复情况:\n优化了游戏部分地方的文本说明。\n对于玩家反馈的多项BUG进行了修复，如若存在未修复BUG，请尽快在官方群中反馈。\n我们的下个版本会尽快到来，敬请期待,,

TOWERDEFENSE_BUFF_FREEZE_NAME,冻结效果,freeze Buff,freeze Buff
TOWERDEFENSE_BUFF_FREEZE_HANDBOOK_EXPRESTION,特点：受到该效果的僵尸会立刻在原地冻结，并在结束后施加一段时间的减速效果。\n进阶：全屏冻结3秒并在结束后再施加一段时间的减速效果，满足以上要求或大于要求则视为寒冰菇效果，并可清除火球。\n互斥：受到火焰效果时会立即结束该效果,,

TOWERDEFENSE_BUFF_SLOWDOWN_NAME,减速效果,Slow down Buff,Slow down Buff
TOWERDEFENSE_BUFF_SLOWDOWN_HANDBOOK_EXPRESTION,特点：受到该效果的僵尸会在持续时间内减缓移动速度。\n进阶：无\n互斥：受到火焰效果时会立即结束该效果,,

TOWERDEFENSE_BUFF_FIRE_NAME,火焰效果,Fire Buff,Fire Buff
TOWERDEFENSE_BUFF_FIRE_HANDBOOK_EXPRESTION,特点：植物会生成单格或多格火焰特效并附加[color=cc241d]火焰伤害[/color]即为火焰效果。\n进阶：当对一整行或一竖列造成1800点以上的火焰伤害，当达到或大于以上要求则视为火爆辣椒效果，并可清除冰道与冰球。\n互斥：当拥有冻结或减速效果的僵尸会立即解除其效果\n强化：对红温状态的敌人造成的伤害更高,,

TOWERDEFENSE_BUFF_NULL_NAME,红温效果,,
TOWERDEFENSE_BUFF_NULL_HANDBOOK_EXPRESTION,特点：当僵尸获得该效果后，会使其受到更高的[color=cc241d]火焰伤害[/color]\n互斥：无,,

TOWERDEFENSE_DAMAGE_BOOM_NAME,爆炸伤害,Boom Damage,
TOWERDEFENSE_DAMAGE_BOOM_HANDBOOK_EXPRESTION,特点：植物爆炸使僵尸受到伤害即视为爆炸伤害\n互斥：无\n惧怕：防爆门,,

TOWERDEFENSE_DAMAGE_FIRE_NAME,火焰伤害,Fire Damage,Fire Damage
TOWERDEFENSE_DAMAGE_FIRE_HANDBOOK_EXPRESTION,特点：部分植物的攻击会造成[color=cc241d]火焰伤害[/color]。\n互斥：当拥有冻结或减速效果的僵尸会立即解除其效果\n强化：对红温状态的敌人造成伤害更高,,


